,사고번호,사고일시,요일,시군구,사고내용,사망자수,중상자수,경상자수,부상신고자수,사고유형,법규위반,노면상태,기상상태,도로형태,가해운전자 차종,가해운전자 성별,가해운전자 연령,가해운전자 상해정도,피해운전자 차종,피해운전자 성별,피해운전자 연령,피해운전자 상해정도
1026,2018101500100155,2018년 10월 15일 10시,월요일,강원도 춘천시 소양로1가,중상사고,0,1,0,0,차대사람 - 차도통행중,안전운전불이행,포장 - 건조,맑음,단일로 - 기타,승용,여,68세,상해없음,보행자,여,79세,중상
1027,2018101500100156,2018년 10월 15일 10시,월요일,강원도 원주시 태장동,중상사고,0,1,0,0,차대사람 - 길가장자리구역통행중,안전운전불이행,포장 - 건조,맑음,단일로 - 기타,승용,남,61세,상해없음,보행자,여,90세 이상,중상
1028,2018101500100241,2018년 10월 15일 13시,월요일,강원도 태백시 황지동,중상사고,0,1,0,0,차대사람 - 횡단중,안전운전불이행,포장 - 건조,맑음,교차로 - 교차로안,승용,남,49세,상해없음,보행자,여,62세,중상
1029,2018101500100317,2018년 10월 15일 15시,월요일,강원도 속초시 중앙동,경상사고,0,0,1,0,차대사람 - 길가장자리구역통행중,안전운전불이행,포장 - 건조,맑음,단일로 - 기타,승용,남,62세,상해없음,보행자,여,51세,경상
1030,2018101500100429,2018년 10월 15일 18시,월요일,강원도 원주시 단구동,경상사고,0,0,1,0,차대사람 - 횡단중,보행자보호의무위반,포장 - 건조,맑음,교차로 - 교차로횡단보도내,화물,남,33세,상해없음,보행자,여,19세,경상
1031,2018101500100479,2018년 10월 15일 19시,월요일,강원도 춘천시 후평동,중상사고,0,1,0,0,차대사람 - 차도통행중,안전운전불이행,포장 - 건조,맑음,단일로 - 기타,승용,여,48세,상해없음,보행자,여,66세,중상
1032,2018101600100159,2018년 10월 16일 10시,화요일,강원도 영월군 주천면,중상사고,0,1,0,0,차대사람 - 횡단중,안전운전불이행,포장 - 건조,맑음,교차로 - 교차로안,승합,남,72세,상해없음,보행자,남,73세,중상
1033,2018101600100401,2018년 10월 16일 17시,화요일,강원도 강릉시 포남동,경상사고,0,0,1,0,차대사람 - 기타,안전운전불이행,포장 - 건조,맑음,단일로 - 기타,승합,남,33세,상해없음,보행자,여,18세,경상
1034,2018101600100403,2018년 10월 16일 17시,화요일,강원도 태백시 황지동,경상사고,0,0,1,0,차대사람 - 길가장자리구역통행중,안전운전불이행,포장 - 건조,맑음,단일로 - 기타,승용,남,63세,상해없음,보행자,남,47세,경상
1035,2018101600100508,2018년 10월 16일 19시,화요일,강원도 원주시 관설동,경상사고,0,0,1,0,차대사람 - 횡단중,보행자보호의무위반,포장 - 건조,맑음,교차로 - 교차로부근,승용,남,63세,상해없음,보행자,여,46세,경상
1036,2018101600100574,2018년 10월 16일 21시,화요일,강원도 원주시 봉산동,중상사고,0,1,0,0,차대사람 - 횡단중,안전운전불이행,포장 - 건조,맑음,단일로 - 기타,승용,남,47세,상해없음,보행자,여,71세,중상
1037,2018101700100238,2018년 10월 17일 12시,수요일,강원도 원주시 학성동,경상사고,0,0,1,0,차대사람 - 기타,안전운전불이행,포장 - 건조,맑음,단일로 - 기타,승합,남,60세,상해없음,보행자,여,66세,경상
1038,2018101700100413,2018년 10월 17일 16시,수요일,강원도 춘천시 교동,사망사고,1,0,0,0,차대사람 - 기타,안전운전불이행,포장 - 건조,맑음,단일로 - 기타,화물,남,55세,상해없음,보행자,여,63세,사망
1039,2018101700100461,2018년 10월 17일 17시,수요일,강원도 속초시 동명동,경상사고,0,0,1,0,차대사람 - 보도통행중,보행자보호의무위반,포장 - 젖음/습기,흐림,단일로 - 기타,승용,남,50세,상해없음,보행자,남,28세,경상
1040,2018101700100503,2018년 10월 17일 18시,수요일,강원도 원주시 일산동,경상사고,0,0,1,0,차대사람 - 길가장자리구역통행중,안전운전불이행,포장 - 건조,맑음,교차로 - 교차로부근,기타불명,기타불명,미분류,기타불명,보행자,여,14세,경상
1041,2018101700100505,2018년 10월 17일 18시,수요일,강원도 영월군 영월읍,경상사고,0,0,1,0,차대사람 - 횡단중,보행자보호의무위반,포장 - 건조,흐림,교차로 - 교차로횡단보도내,승합,남,54세,상해없음,보행자,남,85세,경상
1042,2018101700100593,2018년 10월 17일 20시,수요일,강원도 춘천시 후평동,중상사고,0,1,0,0,차대사람 - 횡단중,보행자보호의무위반,포장 - 건조,맑음,교차로 - 교차로횡단보도내,승용,남,61세,상해없음,보행자,여,70세,중상
1043,2018101800100105,2018년 10월 18일 08시,목요일,강원도 속초시 교동,부상신고사고,0,0,0,1,차대사람 - 횡단중,신호위반,포장 - 젖음/습기,비,단일로 - 지하차도(도로)내,기타불명,기타불명,미분류,기타불명,보행자,남,60세,부상신고
1044,2018101900100120,2018년 10월 19일 08시,금요일,강원도 춘천시 효자동,중상사고,0,1,1,0,차대사람 - 보도통행중,보행자보호의무위반,포장 - 건조,맑음,교차로 - 교차로횡단보도내,승용,남,49세,상해없음,보행자,여,18세,중상
1045,2018101900100251,2018년 10월 19일 11시,금요일,강원도 춘천시 석사동,경상사고,0,0,1,0,차대사람 - 횡단중,보행자보호의무위반,포장 - 건조,맑음,교차로 - 교차로횡단보도내,기타불명,기타불명,미분류,기타불명,보행자,여,50세,경상
1046,2018101900100376,2018년 10월 19일 14시,금요일,강원도 양양군 양양읍,경상사고,0,0,1,0,차대사람 - 길가장자리구역통행중,안전운전불이행,포장 - 건조,맑음,단일로 - 기타,화물,남,48세,상해없음,보행자,여,73세,경상
1047,2018101900100579,2018년 10월 19일 18시,금요일,강원도 강릉시 교동,경상사고,0,0,1,0,차대사람 - 기타,안전운전불이행,포장 - 건조,맑음,단일로 - 기타,승용,여,38세,상해없음,보행자,여,59세,경상
1048,2018101900100580,2018년 10월 19일 18시,금요일,강원도 속초시 교동,중상사고,0,1,0,0,차대사람 - 횡단중,보행자보호의무위반,포장 - 건조,맑음,교차로 - 교차로횡단보도내,승용,남,67세,상해없음,보행자,여,45세,중상
1049,2018102000100174,2018년 10월 20일 09시,토요일,강원도 춘천시 후평동,부상신고사고,0,0,0,1,차대사람 - 기타,교차로운행방법위반,포장 - 건조,맑음,교차로 - 교차로횡단보도내,승합,남,54세,상해없음,보행자,여,88세,부상신고
1050,2018102000100176,2018년 10월 20일 09시,토요일,강원도 강릉시 교동,경상사고,0,0,1,0,차대사람 - 횡단중,신호위반,포장 - 건조,맑음,교차로 - 교차로횡단보도내,승용,남,69세,상해없음,보행자,여,30세,경상
1051,2018102000100177,2018년 10월 20일 09시,토요일,강원도 동해시 천곡동,중상사고,0,1,0,0,차대사람 - 보도통행중,보행자보호의무위반,포장 - 건조,맑음,교차로 - 교차로횡단보도내,승용,남,61세,상해없음,보행자,남,9세,중상
1052,2018102000100383,2018년 10월 20일 14시,토요일,강원도 강릉시 포남동,중상사고,0,1,0,0,차대사람 - 기타,안전운전불이행,포장 - 건조,맑음,단일로 - 기타,화물,남,73세,상해없음,보행자,여,49세,중상
1053,2018102000100427,2018년 10월 20일 15시,토요일,강원도 태백시 황지동,중상사고,0,1,0,0,차대사람 - 보도통행중,보행자보호의무위반,포장 - 건조,맑음,단일로 - 기타,승용,여,40세,상해없음,보행자,남,65세,중상
1054,2018102000100527,2018년 10월 20일 17시,토요일,강원도 삼척시 정하동,중상사고,0,1,0,0,차대사람 - 차도통행중,안전운전불이행,포장 - 건조,맑음,교차로 - 교차로안,화물,남,78세,상해없음,보행자,남,72세,중상
1055,2018102000100647,2018년 10월 20일 19시,토요일,강원도 강릉시 옥계면,사망사고,1,0,0,0,차대사람 - 횡단중,안전운전불이행,포장 - 건조,맑음,단일로 - 기타,승용,남,57세,상해없음,보행자,여,67세,사망
1056,2018102100100192,2018년 10월 21일 12시,일요일,강원도 강릉시 주문진읍,경상사고,0,0,1,0,차대사람 - 횡단중,안전운전불이행,포장 - 건조,맑음,단일로 - 기타,승용,남,57세,기타불명,보행자,남,18세,경상
1057,2018102200100155,2018년 10월 22일 10시,월요일,강원도 동해시 천곡동,경상사고,0,0,1,0,차대사람 - 차도통행중,안전운전불이행,포장 - 건조,맑음,단일로 - 지하차도(도로)내,화물,남,55세,상해없음,보행자,여,60세,경상
1058,2018102200100555,2018년 10월 22일 21시,월요일,강원도 춘천시 교동,경상사고,0,0,1,0,차대사람 - 횡단중,안전운전불이행,포장 - 건조,맑음,교차로 - 교차로횡단보도내,화물,남,47세,상해없음,보행자,남,25세,경상
1059,2018102300100108,2018년 10월 23일 08시,화요일,강원도 원주시 관설동,중상사고,0,1,0,0,차대사람 - 차도통행중,안전운전불이행,포장 - 건조,흐림,교차로 - 교차로안,승용,여,34세,상해없음,보행자,남,12세,중상
1060,2018102300100248,2018년 10월 23일 12시,화요일,강원도 춘천시 운교동,중상사고,0,1,0,0,차대사람 - 횡단중,안전운전불이행,포장 - 젖음/습기,비,교차로 - 교차로안,승용,남,50세,상해없음,보행자,여,65세,중상
1061,2018102300100394,2018년 10월 23일 17시,화요일,강원도 원주시 원동,사망사고,1,0,0,0,차대사람 - 길가장자리구역통행중,안전운전불이행,포장 - 젖음/습기,흐림,주차장 - 주차장,화물,남,20세,상해없음,보행자,여,88세,사망
1062,2018102300100613,2018년 10월 23일 23시,화요일,강원도 춘천시 후평동,중상사고,0,1,0,0,차대사람 - 기타,안전운전불이행,포장 - 건조,맑음,단일로 - 기타,화물,남,26세,상해없음,보행자,남,60세,중상
1063,2018102400100241,2018년 10월 24일 11시,수요일,강원도 횡성군 횡성읍,경상사고,0,0,1,0,차대사람 - 차도통행중,안전운전불이행,포장 - 건조,맑음,단일로 - 기타,승용,남,75세,상해없음,보행자,남,42세,경상
1064,2018102400100265,2018년 10월 24일 12시,수요일,강원도 철원군 동송읍,경상사고,0,0,1,0,차대사람 - 기타,안전운전불이행,포장 - 건조,맑음,단일로 - 기타,농기계,남,56세,상해없음,보행자,남,65세,경상
1065,2018102400100436,2018년 10월 24일 16시,수요일,강원도 원주시 단계동,경상사고,0,0,1,0,차대사람 - 길가장자리구역통행중,안전운전불이행,포장 - 건조,맑음,교차로 - 교차로부근,승용,남,61세,상해없음,보행자,남,29세,경상
1066,2018102400100545,2018년 10월 24일 18시,수요일,강원도 춘천시 후평동,중상사고,0,1,0,0,차대사람 - 횡단중,안전운전불이행,포장 - 건조,맑음,교차로 - 교차로안,승용,남,56세,상해없음,보행자,남,54세,중상
1067,2018102400100740,2018년 10월 24일 23시,수요일,강원도 원주시 단구동,경상사고,0,0,1,0,차대사람 - 횡단중,안전거리미확보,포장 - 건조,맑음,단일로 - 기타,승용,남,64세,상해없음,보행자,남,69세,경상
1068,2018102500100056,2018년 10월 25일 06시,목요일,강원도 속초시 영랑동,사망사고,1,0,0,0,차대사람 - 횡단중,안전운전불이행,포장 - 건조,맑음,단일로 - 기타,화물,남,26세,상해없음,보행자,여,84세,사망
1069,2018102500100128,2018년 10월 25일 08시,목요일,강원도 원주시 단구동,경상사고,0,0,2,0,차대사람 - 횡단중,보행자보호의무위반,포장 - 건조,맑음,교차로 - 교차로안,승합,남,74세,상해없음,보행자,남,6세,경상
1070,2018102500100284,2018년 10월 25일 12시,목요일,강원도 강릉시 포남동,중상사고,0,1,0,0,차대사람 - 기타,안전운전불이행,포장 - 건조,맑음,단일로 - 기타,승용,남,66세,상해없음,보행자,여,74세,중상
1071,2018102500100344,2018년 10월 25일 14시,목요일,강원도 춘천시 중앙로3가,경상사고,0,0,1,0,차대사람 - 횡단중,보행자보호의무위반,포장 - 건조,맑음,단일로 - 기타,승용,남,66세,상해없음,보행자,여,80세,경상
1072,2018102500100347,2018년 10월 25일 14시,목요일,강원도 속초시 조양동,경상사고,0,0,1,0,차대사람 - 횡단중,보행자보호의무위반,포장 - 건조,맑음,교차로 - 교차로횡단보도내,승용,남,67세,상해없음,보행자,남,9세,경상
1073,2018102600100265,2018년 10월 26일 13시,금요일,강원도 태백시 통동,중상사고,0,1,0,0,차대사람 - 보도통행중,안전운전불이행,포장 - 건조,맑음,단일로 - 기타,승용,남,64세,상해없음,보행자,여,72세,중상
1074,2018102600100296,2018년 10월 26일 14시,금요일,강원도 춘천시 옥천동,경상사고,0,0,1,0,차대사람 - 기타,안전운전불이행,포장 - 젖음/습기,비,단일로 - 기타,승용,남,51세,상해없음,보행자,여,21세,경상
1075,2018102600100550,2018년 10월 26일 19시,금요일,강원도 춘천시 온의동,경상사고,0,0,1,0,차대사람 - 횡단중,보행자보호의무위반,포장 - 젖음/습기,비,교차로 - 교차로횡단보도내,승용,남,66세,상해없음,보행자,남,23세,경상
1076,2018102700100178,2018년 10월 27일 09시,토요일,강원도 속초시 조양동,경상사고,0,0,1,0,차대사람 - 차도통행중,안전운전불이행,포장 - 건조,맑음,단일로 - 기타,승용,남,37세,기타불명,보행자,여,49세,경상
1077,2018102700100278,2018년 10월 27일 12시,토요일,강원도 고성군 토성면,중상사고,0,1,0,0,차대사람 - 기타,안전운전불이행,포장 - 건조,맑음,단일로 - 기타,승용,남,41세,상해없음,보행자,여,16세,중상
1078,2018102700100345,2018년 10월 27일 14시,토요일,강원도 춘천시 동내면,경상사고,0,0,1,0,차대사람 - 횡단중,안전운전불이행,포장 - 건조,맑음,교차로 - 교차로안,승용,남,56세,상해없음,보행자,남,30세,경상
1079,2018102700100398,2018년 10월 27일 15시,토요일,강원도 홍천군 홍천읍,중상사고,0,1,0,0,차대사람 - 기타,안전운전불이행,포장 - 건조,맑음,교차로 - 교차로횡단보도내,승용,남,37세,상해없음,보행자,남,59세,중상
1080,2018102700100518,2018년 10월 27일 18시,토요일,강원도 원주시 명륜동,경상사고,0,0,1,0,차대사람 - 길가장자리구역통행중,안전운전불이행,포장 - 건조,맑음,단일로 - 기타,승용,남,25세,상해없음,보행자,여,66세,경상
1081,2018102700100660,2018년 10월 27일 21시,토요일,강원도 원주시 문막읍,중상사고,0,1,0,0,차대사람 - 횡단중,보행자보호의무위반,포장 - 건조,맑음,기타 - 기타,승용,남,51세,상해없음,보행자,남,62세,중상
1082,2018102700100683,2018년 10월 27일 22시,토요일,강원도 원주시 무실동,중상사고,0,1,0,0,차대사람 - 횡단중,신호위반,포장 - 건조,맑음,교차로 - 교차로안,승용,여,53세,상해없음,보행자,남,35세,중상
1083,2018102800100089,2018년 10월 28일 06시,일요일,강원도 강릉시 명주동,중상사고,0,1,0,0,차대사람 - 기타,신호위반,포장 - 건조,맑음,교차로 - 교차로안,승용,남,24세,상해없음,보행자,여,77세,중상
1084,2018102800100117,2018년 10월 28일 08시,일요일,강원도 춘천시 근화동,중상사고,0,1,0,0,차대사람 - 기타,안전운전불이행,포장 - 건조,맑음,교차로 - 교차로안,승용,남,43세,상해없음,보행자,남,48세,중상
1085,2018102800100396,2018년 10월 28일 18시,일요일,강원도 춘천시 동내면,중상사고,0,2,0,0,차대사람 - 길가장자리구역통행중,안전운전불이행,포장 - 건조,맑음,단일로 - 기타,승용,남,26세,상해없음,보행자,남,59세,중상
1086,2018102900100053,2018년 10월 29일 06시,월요일,강원도 원주시 명륜동,경상사고,0,0,1,0,차대사람 - 횡단중,안전운전불이행,포장 - 건조,맑음,교차로 - 교차로부근,승용,남,42세,상해없음,보행자,남,61세,경상
1087,2018102900100199,2018년 10월 29일 10시,월요일,강원도 원주시 학성동,중상사고,0,3,0,0,차대사람 - 횡단중,보행자보호의무위반,포장 - 건조,맑음,단일로 - 기타,이륜,남,41세,중상,보행자,여,76세,중상
1088,2018102900100419,2018년 10월 29일 16시,월요일,강원도 춘천시 교동,경상사고,0,0,1,0,차대사람 - 횡단중,보행자보호의무위반,포장 - 건조,맑음,교차로 - 교차로부근,승용,남,51세,상해없음,보행자,여,20세,경상
1089,2018103000100063,2018년 10월 30일 06시,화요일,강원도 춘천시 퇴계동,경상사고,0,0,1,0,차대사람 - 횡단중,보행자보호의무위반,포장 - 건조,맑음,단일로 - 기타,승용,남,54세,상해없음,보행자,남,47세,경상
1090,2018103000100415,2018년 10월 30일 16시,화요일,강원도 속초시 교동,경상사고,0,0,1,0,차대사람 - 횡단중,보행자보호의무위반,포장 - 건조,맑음,교차로 - 교차로횡단보도내,승용,남,46세,상해없음,보행자,여,70세,경상
1091,2018103100100085,2018년 10월 31일 07시,수요일,강원도 강릉시 송정동,경상사고,0,0,1,0,차대사람 - 횡단중,보행자보호의무위반,포장 - 건조,맑음,교차로 - 교차로횡단보도내,승용,남,42세,상해없음,보행자,남,62세,경상
1092,2018103100100156,2018년 10월 31일 09시,수요일,강원도 강릉시 포남동,경상사고,0,0,1,0,차대사람 - 기타,안전운전불이행,포장 - 건조,맑음,기타 - 기타,화물,남,61세,상해없음,보행자,남,52세,경상
1093,2018103100100489,2018년 10월 31일 18시,수요일,강원도 태백시 황지동,중상사고,0,1,0,0,차대사람 - 차도통행중,안전운전불이행,포장 - 건조,맑음,교차로 - 교차로부근,승용,남,57세,상해없음,보행자,남,52세,중상
1094,2018103100100566,2018년 10월 31일 19시,수요일,강원도 속초시 동명동,경상사고,0,0,1,0,차대사람 - 횡단중,안전운전불이행,포장 - 건조,맑음,단일로 - 기타,승용,여,44세,상해없음,보행자,남,55세,경상
1095,2018110100100374,2018년 11월 1일 15시,목요일,강원도 원주시 단구동,중상사고,0,1,0,0,차대사람 - 횡단중,보행자보호의무위반,포장 - 건조,맑음,단일로 - 기타,승용,남,23세,상해없음,보행자,여,31세,중상
1096,2018110100100421,2018년 11월 1일 16시,목요일,강원도 원주시 명륜동,경상사고,0,0,1,0,차대사람 - 길가장자리구역통행중,안전운전불이행,포장 - 건조,맑음,단일로 - 기타,승용,여,39세,기타불명,보행자,남,72세,경상
1097,2018110100100422,2018년 11월 1일 16시,목요일,강원도 속초시 중앙동,경상사고,0,0,1,0,차대사람 - 길가장자리구역통행중,안전운전불이행,포장 - 건조,맑음,단일로 - 기타,승용,남,54세,상해없음,보행자,여,52세,경상
1098,2018110100100509,2018년 11월 1일 18시,목요일,강원도 춘천시 석사동,경상사고,0,0,1,0,차대사람 - 기타,안전운전불이행,포장 - 건조,맑음,단일로 - 기타,승용,여,31세,상해없음,보행자,남,76세,경상
1099,2018110100100512,2018년 11월 1일 18시,목요일,강원도 평창군 평창읍,사망사고,1,1,0,0,차대사람 - 기타,안전운전불이행,포장 - 건조,맑음,단일로 - 기타,승용,남,66세,상해없음,보행자,남,58세,사망
1100,2018110100100662,2018년 11월 1일 22시,목요일,강원도 강릉시 성남동,중상사고,0,1,0,0,차대사람 - 기타,안전운전불이행,포장 - 건조,맑음,단일로 - 기타,승용,남,25세,상해없음,보행자,남,40세,중상
1101,2018110200100217,2018년 11월 2일 10시,금요일,강원도 홍천군 내촌면,중상사고,0,1,0,0,차대사람 - 기타,안전운전불이행,포장 - 건조,맑음,교차로 - 교차로안,화물,남,68세,상해없음,보행자,남,63세,중상
1102,2018110200100531,2018년 11월 2일 17시,금요일,강원도 횡성군 횡성읍,중상사고,0,1,0,0,차대사람 - 길가장자리구역통행중,안전운전불이행,포장 - 건조,맑음,단일로 - 기타,승합,남,56세,상해없음,보행자,남,67세,중상
1103,2018110200100832,2018년 11월 2일 23시,금요일,강원도 원주시 단계동,경상사고,0,0,1,0,차대사람 - 차도통행중,안전운전불이행,포장 - 건조,맑음,단일로 - 기타,승용,남,24세,상해없음,보행자,여,19세,경상
1104,2018110300100559,2018년 11월 3일 19시,토요일,강원도 동해시 천곡동,경상사고,0,0,1,0,차대사람 - 횡단중,보행자보호의무위반,포장 - 건조,흐림,교차로 - 교차로횡단보도내,승용,남,53세,상해없음,보행자,남,68세,경상
1105,2018110400100109,2018년 11월 4일 09시,일요일,강원도 홍천군 북방면,경상사고,0,0,1,0,차대사람 - 기타,안전운전불이행,포장 - 건조,맑음,단일로 - 기타,화물,남,57세,상해없음,보행자,남,56세,경상
1106,2018110400100139,2018년 11월 4일 10시,일요일,강원도 원주시 문막읍,중상사고,0,1,0,0,차대사람 - 기타,안전운전불이행,포장 - 건조,맑음,단일로 - 기타,승용,남,43세,상해없음,보행자,남,82세,중상
1107,2018110500100053,2018년 11월 5일 06시,월요일,강원도 강릉시 성남동,중상사고,0,1,0,0,차대사람 - 횡단중,안전운전불이행,포장 - 건조,맑음,단일로 - 교량,승용,남,47세,상해없음,보행자,여,78세,중상
1108,2018110500100111,2018년 11월 5일 08시,월요일,강원도 원주시 단계동,경상사고,0,0,1,0,차대사람 - 횡단중,안전운전불이행,포장 - 건조,맑음,단일로 - 기타,화물,남,55세,상해없음,보행자,남,9세,경상
1109,2018110500100154,2018년 11월 5일 09시,월요일,강원도 삼척시 원덕읍,경상사고,0,0,1,0,차대사람 - 기타,안전운전불이행,포장 - 건조,맑음,단일로 - 기타,승용,여,58세,상해없음,보행자,여,81세,경상
1110,2018110500100339,2018년 11월 5일 14시,월요일,강원도 속초시 조양동,중상사고,0,1,0,0,차대사람 - 횡단중,보행자보호의무위반,포장 - 건조,맑음,단일로 - 기타,승합,남,56세,상해없음,보행자,여,75세,중상
1111,2018110500100521,2018년 11월 5일 18시,월요일,강원도 속초시 교동,중상사고,0,1,0,0,차대사람 - 길가장자리구역통행중,안전운전불이행,포장 - 건조,맑음,교차로 - 교차로안,승합,남,44세,상해없음,보행자,남,64세,중상
1112,2018110600100098,2018년 11월 6일 08시,화요일,강원도 동해시 쇄운동,중상사고,0,1,0,0,차대사람 - 횡단중,과속,포장 - 건조,맑음,교차로 - 교차로횡단보도내,승용,남,46세,상해없음,보행자,여,66세,중상
1113,2018110600100206,2018년 11월 6일 11시,화요일,강원도 동해시 동회동,중상사고,0,1,0,0,차대사람 - 차도통행중,안전운전불이행,포장 - 건조,흐림,교차로 - 교차로부근,화물,남,54세,상해없음,보행자,남,80세,중상
1114,2018110600100451,2018년 11월 6일 18시,화요일,강원도 속초시 조양동,중상사고,0,1,0,0,차대사람 - 횡단중,안전운전불이행,포장 - 건조,맑음,교차로 - 교차로부근,승용,여,48세,상해없음,보행자,남,61세,중상
1115,2018110700100036,2018년 11월 7일 02시,수요일,강원도 원주시 단구동,경상사고,0,0,1,0,차대사람 - 차도통행중,안전운전불이행,포장 - 건조,맑음,단일로 - 기타,승용,남,64세,상해없음,보행자,여,19세,경상
1116,2018110700100037,2018년 11월 7일 02시,수요일,강원도 원주시 개운동,부상신고사고,0,0,0,1,차대사람 - 길가장자리구역통행중,안전운전불이행,포장 - 건조,맑음,단일로 - 기타,승용,남,64세,상해없음,보행자,여,19세,부상신고
1117,2018110700100056,2018년 11월 7일 05시,수요일,강원도 원주시 문막읍,부상신고사고,0,0,0,1,차대사람 - 길가장자리구역통행중,안전운전불이행,포장 - 젖음/습기,비,단일로 - 기타,화물,남,30세,상해없음,보행자,여,67세,부상신고
1118,2018110700100293,2018년 11월 7일 13시,수요일,강원도 춘천시 온의동,경상사고,0,0,1,0,차대사람 - 횡단중,보행자보호의무위반,포장 - 건조,맑음,단일로 - 기타,승용,남,44세,상해없음,보행자,남,33세,경상
1119,2018110700100389,2018년 11월 7일 16시,수요일,강원도 속초시 교동,중상사고,0,1,0,0,차대사람 - 횡단중,안전운전불이행,포장 - 건조,맑음,기타 - 기타,승용,남,54세,상해없음,보행자,남,49세,중상
1120,2018110700100503,2018년 11월 7일 18시,수요일,강원도 춘천시 근화동,부상신고사고,0,0,0,1,차대사람 - 기타,안전운전불이행,포장 - 건조,맑음,단일로 - 기타,승합,남,56세,상해없음,보행자,남,21세,부상신고
1121,2018110700100504,2018년 11월 7일 18시,수요일,강원도 춘천시 후평동,경상사고,0,0,1,0,차대사람 - 기타,기타,포장 - 건조,맑음,단일로 - 기타,승용,여,45세,상해없음,보행자,여,54세,경상
1122,2018110700100507,2018년 11월 7일 18시,수요일,강원도 태백시 장성동,경상사고,0,0,1,0,차대사람 - 기타,안전운전불이행,포장 - 건조,맑음,단일로 - 기타,승합,남,58세,기타불명,보행자,여,61세,경상
1123,2018110700100711,2018년 11월 7일 23시,수요일,강원도 강릉시 입암동,경상사고,0,0,1,0,차대사람 - 차도통행중,신호위반,포장 - 건조,맑음,교차로 - 교차로안,승용,남,36세,상해없음,보행자,남,17세,경상
1124,2018110800100162,2018년 11월 8일 08시,목요일,강원도 춘천시 후평동,경상사고,0,0,1,0,차대사람 - 기타,안전운전불이행,포장 - 젖음/습기,비,기타 - 기타,승용,남,45세,상해없음,보행자,남,12세,경상
1125,2018110800100449,2018년 11월 8일 17시,목요일,강원도 춘천시 효자동,경상사고,0,0,1,0,차대사람 - 횡단중,안전운전불이행,포장 - 젖음/습기,비,단일로 - 기타,승용,여,62세,상해없음,보행자,여,66세,경상
1126,2018110800100530,2018년 11월 8일 18시,목요일,강원도 춘천시 동면,경상사고,0,0,1,0,차대사람 - 기타,안전운전불이행,포장 - 젖음/습기,비,단일로 - 기타,승용,남,29세,상해없음,보행자,남,39세,경상
1127,2018110800100532,2018년 11월 8일 18시,목요일,강원도 강릉시 입암동,경상사고,0,0,1,0,차대사람 - 기타,보행자보호의무위반,포장 - 젖음/습기,비,교차로 - 교차로부근,승용,여,42세,상해없음,보행자,남,36세,경상
1128,2018110800100639,2018년 11월 8일 19시,목요일,강원도 원주시 소초면,중상사고,0,1,0,0,차대사람 - 횡단중,안전운전불이행,포장 - 젖음/습기,비,단일로 - 기타,승용,남,64세,상해없음,보행자,남,58세,중상
1129,2018110800100802,2018년 11월 8일 22시,목요일,강원도 춘천시 효자동,경상사고,0,0,1,0,차대사람 - 횡단중,보행자보호의무위반,포장 - 젖음/습기,비,단일로 - 기타,승용,남,61세,기타불명,보행자,여,20세,경상
1130,2018110800100861,2018년 11월 8일 23시,목요일,강원도 춘천시 석사동,중상사고,0,1,0,0,차대사람 - 횡단중,안전운전불이행,포장 - 젖음/습기,비,교차로 - 교차로횡단보도내,승용,남,27세,상해없음,보행자,남,53세,중상
1131,2018110900100051,2018년 11월 9일 04시,금요일,강원도 춘천시 퇴계동,중상사고,0,1,0,0,차대사람 - 횡단중,보행자보호의무위반,포장 - 젖음/습기,흐림,교차로 - 교차로횡단보도내,승용,여,52세,상해없음,보행자,여,81세,중상
1132,2018110900100145,2018년 11월 9일 08시,금요일,강원도 원주시 반곡동,부상신고사고,0,0,0,1,차대사람 - 길가장자리구역통행중,안전운전불이행,포장 - 건조,맑음,기타 - 기타,승합,남,45세,상해없음,보행자,여,17세,부상신고
1133,2018110900100321,2018년 11월 9일 13시,금요일,강원도 삼척시 도계읍,경상사고,0,0,1,0,차대사람 - 차도통행중,안전운전불이행,포장 - 건조,맑음,단일로 - 기타,승용,여,57세,상해없음,보행자,남,24세,경상
1134,2018110900100470,2018년 11월 9일 17시,금요일,강원도 강릉시 두산동,중상사고,0,1,0,0,차대사람 - 횡단중,안전운전불이행,포장 - 건조,맑음,단일로 - 기타,승용,남,43세,상해없음,보행자,여,70세,중상
1135,2018110900100471,2018년 11월 9일 17시,금요일,강원도 정선군 남면,중상사고,0,1,0,0,차대사람 - 보도통행중,안전운전불이행,포장 - 건조,맑음,교차로 - 교차로횡단보도내,승용,여,61세,상해없음,보행자,여,56세,중상
1136,2018110900100533,2018년 11월 9일 18시,금요일,강원도 철원군 근남면,중상사고,0,1,0,0,차대사람 - 횡단중,안전운전불이행,포장 - 건조,맑음,단일로 - 기타,승용,남,65세,상해없음,보행자,여,78세,중상