,사고번호,사고일시,요일,시군구,사고내용,사망자수,중상자수,경상자수,부상신고자수,사고유형,법규위반,노면상태,기상상태,도로형태,가해운전자 차종,가해운전자 성별,가해운전자 연령,가해운전자 상해정도,피해운전자 차종,피해운전자 성별,피해운전자 연령,피해운전자 상해정도
1588,2019031700100196,2019년 3월 17일 12시,일요일,강원도 원주시 일산동,중상사고,0,1,0,0,차대사람 - 기타,기타,포장 - 건조,맑음,단일로 - 기타,승합,남,56세,상해없음,보행자,남,75세,중상
1589,2019031800100280,2019년 3월 18일 13시,월요일,강원도 영월군 영월읍,중상사고,0,1,0,0,차대사람 - 횡단중,보행자보호의무위반,포장 - 건조,맑음,교차로 - 교차로횡단보도내,승합,남,63세,상해없음,보행자,여,60세,중상
1590,2019031800100371,2019년 3월 18일 16시,월요일,강원도 속초시 교동,중상사고,0,1,0,0,차대사람 - 횡단중,안전운전불이행,포장 - 건조,맑음,단일로 - 지하차도(도로)내,승합,남,47세,상해없음,보행자,남,12세,중상
1591,2019031800100511,2019년 3월 18일 20시,월요일,강원도 강릉시 회산동,경상사고,0,0,1,0,차대사람 - 기타,안전운전불이행,포장 - 건조,맑음,단일로 - 기타,승용,남,40세,상해없음,보행자,여,31세,경상
1592,2019032000100482,2019년 3월 20일 18시,수요일,강원도 강릉시 임당동,경상사고,0,0,1,0,차대사람 - 횡단중,안전운전불이행,포장 - 건조,흐림,교차로 - 교차로안,승용,남,59세,상해없음,보행자,여,47세,경상
1593,2019032000100633,2019년 3월 20일 21시,수요일,강원도 강릉시 교동,경상사고,0,0,1,0,차대사람 - 횡단중,안전운전불이행,포장 - 젖음/습기,비,단일로 - 기타,승용,여,56세,상해없음,보행자,남,46세,경상
1594,2019032000100697,2019년 3월 20일 22시,수요일,강원도 동해시 발한동,경상사고,0,0,2,0,차대사람 - 횡단중,보행자보호의무위반,포장 - 젖음/습기,비,단일로 - 기타,승용,여,45세,상해없음,보행자,여,54세,경상
1595,2019032100100025,2019년 3월 21일 00시,목요일,강원도 춘천시 석사동,중상사고,0,1,0,0,차대사람 - 횡단중,보행자보호의무위반,포장 - 젖음/습기,비,교차로 - 교차로횡단보도내,이륜,남,20세,상해없음,보행자,남,22세,중상
1596,2019032100100094,2019년 3월 21일 06시,목요일,강원도 강릉시 연곡면,중상사고,0,1,0,0,차대사람 - 길가장자리구역통행중,안전운전불이행,포장 - 젖음/습기,흐림,단일로 - 기타,화물,남,20세,상해없음,보행자,남,67세,중상
1597,2019032100100244,2019년 3월 21일 11시,목요일,강원도 양양군 양양읍,중상사고,0,1,0,0,차대사람 - 차도통행중,안전운전불이행,포장 - 건조,맑음,교차로 - 교차로안,화물,남,47세,상해없음,보행자,여,78세,중상
1598,2019032100100277,2019년 3월 21일 12시,목요일,강원도 원주시 학성동,경상사고,0,0,1,0,차대사람 - 기타,안전운전불이행,포장 - 건조,맑음,단일로 - 기타,승용,여,63세,상해없음,보행자,남,47세,경상
1599,2019032100100396,2019년 3월 21일 16시,목요일,강원도 원주시 반곡동,중상사고,0,1,0,0,차대사람 - 기타,안전운전불이행,포장 - 건조,맑음,주차장 - 주차장,승용,여,39세,상해없음,보행자,여,47세,중상
1600,2019032100100479,2019년 3월 21일 18시,목요일,강원도 홍천군 홍천읍,부상신고사고,0,0,0,1,차대사람 - 횡단중,보행자보호의무위반,포장 - 건조,맑음,교차로 - 교차로안,화물,남,55세,상해없음,보행자,여,54세,부상신고
1601,2019032200100417,2019년 3월 22일 17시,금요일,강원도 양구군 양구읍,경상사고,0,0,1,0,차대사람 - 횡단중,안전운전불이행,포장 - 건조,맑음,단일로 - 기타,승용,여,33세,상해없음,보행자,남,8세,경상
1602,2019032200100474,2019년 3월 22일 18시,금요일,강원도 춘천시 중앙로2가,경상사고,0,0,1,0,차대사람 - 횡단중,보행자보호의무위반,포장 - 건조,맑음,교차로 - 교차로횡단보도내,승용,남,74세,상해없음,보행자,여,58세,경상
1603,2019032200100475,2019년 3월 22일 18시,금요일,강원도 원주시 학성동,중상사고,0,1,0,0,차대사람 - 기타,안전운전불이행,포장 - 건조,맑음,교차로 - 교차로부근,승용,여,40세,상해없음,보행자,여,20세,중상
1604,2019032200100563,2019년 3월 22일 20시,금요일,강원도 원주시 단계동,경상사고,0,0,1,0,차대사람 - 기타,안전운전불이행,포장 - 건조,맑음,단일로 - 기타,기타불명,기타불명,미분류,기타불명,보행자,남,23세,경상
1605,2019032200100617,2019년 3월 22일 22시,금요일,강원도 원주시 단계동,경상사고,0,0,1,0,차대사람 - 기타,안전운전불이행,포장 - 건조,맑음,단일로 - 기타,승용,여,56세,상해없음,보행자,남,28세,경상
1606,2019032300100208,2019년 3월 23일 11시,토요일,강원도 속초시 중앙동,경상사고,0,0,1,0,차대사람 - 횡단중,신호위반,포장 - 건조,맑음,교차로 - 교차로횡단보도내,기타불명,기타불명,미분류,기타불명,보행자,여,23세,경상
1607,2019032300100283,2019년 3월 23일 13시,토요일,강원도 강릉시 연곡면,경상사고,0,0,1,0,차대사람 - 횡단중,안전운전불이행,포장 - 건조,맑음,단일로 - 기타,승용,여,57세,상해없음,보행자,여,28세,경상
1608,2019032300100598,2019년 3월 23일 22시,토요일,강원도 태백시 소도동,경상사고,0,0,1,0,차대사람 - 길가장자리구역통행중,안전운전불이행,포장 - 건조,맑음,교차로 - 교차로안,승용,남,60세,상해없음,보행자,남,30세,경상
1609,2019032400100050,2019년 3월 24일 01시,일요일,강원도 원주시 단계동,경상사고,0,0,1,0,차대사람 - 보도통행중,안전운전불이행,포장 - 건조,맑음,단일로 - 기타,승용,남,26세,상해없음,보행자,남,28세,경상
1610,2019032400100372,2019년 3월 24일 17시,일요일,강원도 양양군 현북면,중상사고,0,1,0,0,차대사람 - 길가장자리구역통행중,안전운전불이행,포장 - 건조,맑음,단일로 - 기타,화물,남,66세,상해없음,보행자,남,8세,중상
1611,2019032500100113,2019년 3월 25일 08시,월요일,강원도 원주시 단계동,경상사고,0,0,1,0,차대사람 - 횡단중,보행자보호의무위반,포장 - 건조,맑음,단일로 - 기타,승용,여,24세,상해없음,보행자,여,8세,경상
1612,2019032500100263,2019년 3월 25일 13시,월요일,강원도 원주시 단구동,경상사고,0,0,1,0,차대사람 - 보도통행중,기타,포장 - 건조,맑음,단일로 - 기타,화물,남,36세,상해없음,보행자,여,21세,경상
1613,2019032600100060,2019년 3월 26일 04시,화요일,강원도 홍천군 홍천읍,부상신고사고,0,0,0,1,차대사람 - 기타,안전운전불이행,포장 - 건조,맑음,교차로 - 교차로안,승용,여,58세,상해없음,보행자,남,33세,부상신고
1614,2019032600100104,2019년 3월 26일 07시,화요일,강원도 원주시 명륜동,경상사고,0,0,1,0,차대사람 - 횡단중,안전운전불이행,포장 - 건조,맑음,기타 - 기타,승용,남,58세,상해없음,보행자,남,47세,경상
1615,2019032600100130,2019년 3월 26일 08시,화요일,강원도 강릉시 노암동,중상사고,0,1,0,0,차대사람 - 기타,안전운전불이행,포장 - 건조,맑음,교차로 - 교차로횡단보도내,승용,여,40세,상해없음,보행자,남,14세,중상
1616,2019032600100262,2019년 3월 26일 12시,화요일,강원도 강릉시 성남동,중상사고,0,1,0,0,차대사람 - 횡단중,안전운전불이행,포장 - 건조,맑음,단일로 - 기타,승용,남,70세,상해없음,보행자,여,90세 이상,중상
1617,2019032600100435,2019년 3월 26일 17시,화요일,강원도 춘천시 동면,경상사고,0,0,1,0,차대사람 - 횡단중,보행자보호의무위반,포장 - 건조,맑음,교차로 - 교차로부근,승용,남,63세,상해없음,보행자,여,8세,경상
1618,2019032600100436,2019년 3월 26일 17시,화요일,강원도 강릉시 교동,경상사고,0,0,1,0,차대사람 - 횡단중,보행자보호의무위반,포장 - 건조,맑음,교차로 - 교차로횡단보도내,승용,여,33세,상해없음,보행자,여,2세,경상
1619,2019032600100437,2019년 3월 26일 17시,화요일,강원도 홍천군 홍천읍,경상사고,0,0,2,0,차대사람 - 횡단중,안전운전불이행,포장 - 건조,맑음,단일로 - 기타,승용,여,49세,상해없음,보행자,여,11세,경상
1620,2019032600100512,2019년 3월 26일 19시,화요일,강원도 원주시 태장동,경상사고,0,0,1,0,차대사람 - 길가장자리구역통행중,안전운전불이행,포장 - 건조,맑음,단일로 - 기타,승용,남,18세,상해없음,보행자,남,43세,경상
1621,2019032700100046,2019년 3월 27일 02시,수요일,강원도 춘천시 효자동,중상사고,0,1,0,0,차대사람 - 기타,보행자보호의무위반,포장 - 건조,맑음,단일로 - 기타,승용,남,19세,상해없음,보행자,남,22세,중상
1622,2019032700100169,2019년 3월 27일 09시,수요일,강원도 삼척시 도계읍,경상사고,0,0,1,0,차대사람 - 길가장자리구역통행중,안전운전불이행,포장 - 건조,맑음,단일로 - 지하차도(도로)내,이륜,남,78세,상해없음,보행자,남,77세,경상
1623,2019032700100201,2019년 3월 27일 10시,수요일,강원도 원주시 명륜동,경상사고,0,0,1,0,차대사람 - 기타,안전운전불이행,포장 - 건조,맑음,단일로 - 기타,화물,남,45세,상해없음,보행자,남,51세,경상
1624,2019032700100202,2019년 3월 27일 10시,수요일,강원도 삼척시 남양동,경상사고,0,0,1,0,차대사람 - 길가장자리구역통행중,안전운전불이행,포장 - 건조,맑음,교차로 - 교차로부근,화물,남,72세,상해없음,보행자,남,63세,경상
1625,2019032700100465,2019년 3월 27일 19시,수요일,강원도 춘천시 근화동,경상사고,0,0,2,0,차대사람 - 횡단중,안전운전불이행,포장 - 건조,맑음,단일로 - 기타,이륜,남,28세,경상,보행자,남,57세,경상
1626,2019032800100311,2019년 3월 28일 14시,목요일,강원도 춘천시 우두동,경상사고,0,0,1,0,차대사람 - 횡단중,안전운전불이행,포장 - 건조,맑음,단일로 - 기타,승용,남,74세,상해없음,보행자,남,13세,경상
1627,2019032800100482,2019년 3월 28일 18시,목요일,강원도 강릉시 포남동,중상사고,0,1,0,0,차대사람 - 길가장자리구역통행중,안전운전불이행,포장 - 건조,맑음,단일로 - 기타,화물,남,56세,상해없음,보행자,남,52세,중상
1628,2019032900100160,2019년 3월 29일 09시,금요일,강원도 춘천시 퇴계동,중상사고,0,1,0,0,차대사람 - 횡단중,안전운전불이행,포장 - 건조,맑음,교차로 - 교차로안,승합,남,37세,상해없음,보행자,여,76세,중상
1629,2019032900100161,2019년 3월 29일 09시,금요일,강원도 태백시 황지동,경상사고,0,0,1,0,차대사람 - 횡단중,신호위반,포장 - 건조,맑음,교차로 - 교차로부근,화물,남,52세,상해없음,보행자,여,73세,경상
1630,2019032900100572,2019년 3월 29일 19시,금요일,강원도 강릉시 포남동,중상사고,0,1,0,0,차대사람 - 횡단중,보행자보호의무위반,포장 - 건조,맑음,교차로 - 교차로횡단보도내,승용,여,56세,상해없음,보행자,여,52세,중상
1631,2019033000100196,2019년 3월 30일 08시,토요일,강원도 원주시 단구동,경상사고,0,0,1,0,차대사람 - 횡단중,안전운전불이행,포장 - 젖음/습기,비,교차로 - 교차로안,승용,여,55세,상해없음,보행자,남,14세,경상
1632,2019033000100285,2019년 3월 30일 11시,토요일,강원도 홍천군 홍천읍,경상사고,0,0,1,0,차대사람 - 기타,보행자보호의무위반,포장 - 건조,맑음,교차로 - 교차로부근,승용,남,61세,상해없음,보행자,여,46세,경상
1633,2019033000100510,2019년 3월 30일 17시,토요일,강원도 원주시 중앙동,경상사고,0,0,1,0,차대사람 - 기타,안전운전불이행,포장 - 건조,맑음,교차로 - 교차로부근,자전거,남,60세,상해없음,보행자,여,50세,경상
1634,2019033000100652,2019년 3월 30일 21시,토요일,강원도 인제군 인제읍,중상사고,0,1,0,0,차대사람 - 횡단중,안전운전불이행,포장 - 건조,맑음,단일로 - 기타,화물,남,58세,상해없음,보행자,남,66세,중상
1635,2019033100100030,2019년 3월 31일 00시,일요일,강원도 영월군 영월읍,경상사고,0,0,1,0,차대사람 - 기타,안전운전불이행,포장 - 젖음/습기,비,단일로 - 기타,승용,남,56세,상해없음,보행자,남,20세,경상
1636,2019033100100204,2019년 3월 31일 13시,일요일,강원도 속초시 중앙동,중상사고,0,1,0,0,차대사람 - 차도통행중,안전운전불이행,포장 - 건조,맑음,단일로 - 기타,승용,남,53세,상해없음,보행자,여,78세,중상
1637,2019033100100439,2019년 3월 31일 21시,일요일,강원도 원주시 단계동,경상사고,0,0,1,0,차대사람 - 차도통행중,안전운전불이행,포장 - 건조,맑음,교차로 - 교차로부근,승용,남,47세,상해없음,보행자,남,44세,경상
1638,2019040100100198,2019년 4월 1일 09시,월요일,강원도 태백시 혈동,중상사고,0,1,0,0,차대사람 - 기타,안전운전불이행,비포장 - 건조,맑음,기타 - 기타,승용,남,68세,상해없음,보행자,남,63세,중상
1639,2019040100100236,2019년 4월 1일 10시,월요일,강원도 원주시 원동,경상사고,0,0,1,0,차대사람 - 기타,안전운전불이행,포장 - 건조,맑음,단일로 - 기타,승용,남,43세,상해없음,보행자,여,61세,경상
1640,2019040100100494,2019년 4월 1일 17시,월요일,강원도 원주시 봉산동,경상사고,0,0,1,0,차대사람 - 횡단중,안전운전불이행,포장 - 건조,맑음,교차로 - 교차로부근,승용,여,52세,상해없음,보행자,남,66세,경상
1641,2019040200100066,2019년 4월 2일 04시,화요일,강원도 양구군 양구읍,중상사고,0,1,0,0,차대사람 - 횡단중,보행자보호의무위반,포장 - 건조,맑음,교차로 - 교차로횡단보도내,승합,남,36세,상해없음,보행자,여,83세,중상
1642,2019040200100153,2019년 4월 2일 08시,화요일,강원도 원주시 문막읍,경상사고,0,0,1,0,차대사람 - 보도통행중,보행자보호의무위반,포장 - 건조,맑음,단일로 - 기타,승용,여,51세,상해없음,보행자,여,62세,경상
1643,2019040200100370,2019년 4월 2일 14시,화요일,강원도 삼척시 남양동,경상사고,0,0,1,0,차대사람 - 보도통행중,보행자보호의무위반,포장 - 건조,맑음,단일로 - 기타,승용,남,37세,상해없음,보행자,남,43세,경상
1644,2019040300100634,2019년 4월 3일 23시,수요일,강원도 원주시 우산동,경상사고,0,0,1,0,차대사람 - 기타,안전운전불이행,포장 - 건조,맑음,단일로 - 기타,승용,남,48세,상해없음,보행자,남,61세,경상
1645,2019040400100226,2019년 4월 4일 10시,목요일,강원도 강릉시 강동면,중상사고,0,1,0,0,차대사람 - 길가장자리구역통행중,안전운전불이행,포장 - 건조,맑음,교차로 - 교차로부근,건설기계,남,59세,상해없음,보행자,여,82세,중상
1646,2019040400100286,2019년 4월 4일 12시,목요일,강원도 원주시 태장동,경상사고,0,0,1,0,차대사람 - 횡단중,보행자보호의무위반,포장 - 건조,맑음,교차로 - 교차로횡단보도내,승용,여,59세,상해없음,보행자,남,28세,경상
1647,2019040400100647,2019년 4월 4일 22시,목요일,강원도 속초시 조양동,경상사고,0,0,1,0,차대사람 - 보도통행중,기타,포장 - 건조,맑음,단일로 - 기타,기타불명,기타불명,미분류,기타불명,보행자,여,52세,경상
1648,2019040500100194,2019년 4월 5일 10시,금요일,강원도 원주시 반곡동,경상사고,0,0,1,0,차대사람 - 기타,안전운전불이행,포장 - 젖음/습기,맑음,기타 - 기타,승용,남,35세,상해없음,보행자,남,41세,경상
1649,2019040500100306,2019년 4월 5일 14시,금요일,강원도 춘천시 석사동,경상사고,0,0,1,0,차대사람 - 횡단중,신호위반,포장 - 건조,맑음,교차로 - 교차로횡단보도내,이륜,남,51세,상해없음,보행자,여,44세,경상
1650,2019040500100353,2019년 4월 5일 15시,금요일,강원도 삼척시 남양동,중상사고,0,1,0,0,차대사람 - 횡단중,안전운전불이행,포장 - 건조,맑음,단일로 - 기타,화물,남,51세,상해없음,보행자,남,46세,중상
1651,2019040600100233,2019년 4월 6일 11시,토요일,강원도 춘천시 후평동,경상사고,0,0,1,0,차대사람 - 보도통행중,보행자보호의무위반,포장 - 건조,맑음,기타 - 기타,승용,남,29세,상해없음,보행자,여,47세,경상
1652,2019040600100266,2019년 4월 6일 12시,토요일,강원도 원주시 우산동,중상사고,0,1,0,0,차대사람 - 기타,안전운전불이행,포장 - 건조,맑음,주차장 - 주차장,승용,남,59세,상해없음,보행자,여,80세,중상
1653,2019040600100267,2019년 4월 6일 12시,토요일,강원도 홍천군 홍천읍,경상사고,0,0,1,0,차대사람 - 차도통행중,안전운전불이행,포장 - 건조,맑음,단일로 - 기타,승용,여,59세,상해없음,보행자,남,56세,경상
1654,2019040600100309,2019년 4월 6일 13시,토요일,강원도 영월군 영월읍,경상사고,0,0,1,0,차대사람 - 횡단중,안전운전불이행,포장 - 건조,맑음,단일로 - 기타,승용,남,56세,상해없음,보행자,남,41세,경상
1655,2019040600100385,2019년 4월 6일 15시,토요일,강원도 영월군 영월읍,경상사고,0,0,1,0,차대사람 - 기타,안전운전불이행,포장 - 건조,맑음,단일로 - 기타,승용,여,56세,상해없음,보행자,남,64세,경상
1656,2019040600100492,2019년 4월 6일 18시,토요일,강원도 속초시 조양동,경상사고,0,0,1,0,차대사람 - 차도통행중,안전운전불이행,포장 - 젖음/습기,비,교차로 - 교차로안,승용,여,38세,상해없음,보행자,남,85세,경상
1657,2019040600100532,2019년 4월 6일 19시,토요일,강원도 강릉시 임당동,경상사고,0,0,1,0,차대사람 - 횡단중,신호위반,포장 - 젖음/습기,비,단일로 - 기타,승용,남,72세,상해없음,보행자,남,64세,경상
1658,2019040600100534,2019년 4월 6일 19시,토요일,강원도 동해시 천곡동,경상사고,0,0,2,0,차대사람 - 보도통행중,보행자보호의무위반,포장 - 건조,맑음,교차로 - 교차로횡단보도내,승용,남,41세,상해없음,보행자,남,43세,경상
1659,2019040800100063,2019년 4월 8일 05시,월요일,강원도 속초시 대포동,경상사고,0,0,1,0,차대사람 - 길가장자리구역통행중,안전운전불이행,포장 - 건조,기타,단일로 - 기타,화물,남,75세,상해없음,보행자,남,30세,경상
1660,2019040800100287,2019년 4월 8일 12시,월요일,강원도 춘천시 사농동,경상사고,0,0,1,0,차대사람 - 보도통행중,안전운전불이행,포장 - 건조,맑음,주차장 - 주차장,승용,여,30세,상해없음,보행자,여,38세,경상
1661,2019040800100288,2019년 4월 8일 12시,월요일,강원도 강릉시 주문진읍,경상사고,0,0,1,0,차대사람 - 기타,안전운전불이행,포장 - 건조,맑음,단일로 - 기타,원동기,남,60세,상해없음,보행자,여,80세,경상
1662,2019040800100454,2019년 4월 8일 17시,월요일,강원도 속초시 금호동,중상사고,0,1,0,0,차대사람 - 보도통행중,안전운전불이행,포장 - 건조,맑음,교차로 - 교차로횡단보도내,승용,여,49세,상해없음,보행자,여,61세,중상
1663,2019040800100649,2019년 4월 8일 23시,월요일,강원도 원주시 일산동,경상사고,0,0,1,0,차대사람 - 기타,안전운전불이행,포장 - 건조,기타,교차로 - 교차로부근,승용,남,65세,상해없음,보행자,남,61세,경상
1664,2019040900100123,2019년 4월 9일 08시,화요일,강원도 속초시 교동,경상사고,0,0,2,0,차대사람 - 횡단중,보행자보호의무위반,포장 - 건조,맑음,교차로 - 교차로횡단보도내,승용,여,59세,상해없음,보행자,남,31세,경상
1665,2019040900100125,2019년 4월 9일 08시,화요일,강원도 고성군 간성읍,경상사고,0,0,1,0,차대사람 - 길가장자리구역통행중,안전운전불이행,포장 - 건조,맑음,단일로 - 기타,화물,남,28세,상해없음,보행자,남,35세,경상
1666,2019040900100294,2019년 4월 9일 14시,화요일,강원도 정선군 신동읍,중상사고,0,1,0,0,차대사람 - 횡단중,중앙선침범,포장 - 건조,맑음,단일로 - 기타,승합,남,43세,상해없음,보행자,여,23세,중상
1667,2019040900100328,2019년 4월 9일 15시,화요일,강원도 속초시 청호동,중상사고,0,1,0,0,차대사람 - 차도통행중,안전운전불이행,포장 - 건조,맑음,단일로 - 지하차도(도로)내,승용,여,64세,상해없음,보행자,남,73세,중상
1668,2019040900100440,2019년 4월 9일 18시,화요일,강원도 동해시 동회동,사망사고,1,0,0,0,차대사람 - 횡단중,보행자보호의무위반,포장 - 젖음/습기,비,교차로 - 교차로부근,승용,남,33세,상해없음,보행자,여,69세,사망
1669,2019040900100610,2019년 4월 9일 21시,화요일,강원도 속초시 영랑동,중상사고,0,1,0,0,차대사람 - 횡단중,안전운전불이행,포장 - 젖음/습기,비,교차로 - 교차로안,승용,남,48세,상해없음,보행자,남,53세,중상
1670,2019041000100307,2019년 4월 10일 13시,수요일,강원도 강릉시 왕산면,중상사고,0,1,0,0,차대사람 - 횡단중,안전운전불이행,포장 - 젖음/습기,눈,단일로 - 기타,승용,여,62세,상해없음,보행자,여,66세,중상
1671,2019041100100146,2019년 4월 11일 08시,목요일,강원도 화천군 화천읍,경상사고,0,0,1,0,차대사람 - 기타,안전운전불이행,포장 - 건조,맑음,기타 - 기타,승합,남,58세,상해없음,보행자,남,81세,경상
1672,2019041100100264,2019년 4월 11일 12시,목요일,강원도 원주시 태장동,경상사고,0,0,1,0,차대사람 - 길가장자리구역통행중,안전운전불이행,포장 - 건조,맑음,단일로 - 기타,원동기,남,82세,상해없음,보행자,여,58세,경상
1673,2019041100100291,2019년 4월 11일 13시,목요일,강원도 춘천시 후평동,경상사고,0,0,1,0,차대사람 - 길가장자리구역통행중,안전운전불이행,포장 - 건조,맑음,단일로 - 기타,화물,남,54세,상해없음,보행자,남,64세,경상
1674,2019041100100292,2019년 4월 11일 13시,목요일,강원도 춘천시 석사동,중상사고,0,1,0,0,차대사람 - 횡단중,보행자보호의무위반,포장 - 건조,맑음,단일로 - 기타,승용,여,58세,상해없음,보행자,남,67세,중상
1675,2019041200100098,2019년 4월 12일 07시,금요일,강원도 춘천시 후평동,중상사고,0,1,0,0,차대사람 - 보도통행중,보행자보호의무위반,포장 - 건조,맑음,교차로 - 교차로횡단보도내,승용,여,50세,상해없음,보행자,남,60세,중상
1676,2019041200100126,2019년 4월 12일 08시,금요일,강원도 춘천시 운교동,중상사고,0,2,0,0,차대사람 - 횡단중,신호위반,포장 - 건조,맑음,교차로 - 교차로횡단보도내,승용,남,73세,상해없음,보행자,여,33세,중상
1677,2019041200100436,2019년 4월 12일 17시,금요일,강원도 춘천시 석사동,중상사고,0,1,0,0,차대사람 - 횡단중,안전운전불이행,포장 - 건조,맑음,단일로 - 기타,승합,남,53세,상해없음,보행자,남,17세,중상
1678,2019041300100565,2019년 4월 13일 19시,토요일,강원도 강릉시 교동,중상사고,0,1,0,0,차대사람 - 횡단중,안전운전불이행,포장 - 건조,맑음,단일로 - 기타,승용,여,45세,상해없음,보행자,남,45세,중상
1679,2019041300100646,2019년 4월 13일 21시,토요일,강원도 속초시 조양동,사망사고,1,1,0,0,차대사람 - 횡단중,신호위반,포장 - 건조,맑음,교차로 - 교차로횡단보도내,이륜,남,19세,중상,보행자,남,56세,사망
1680,2019041400100140,2019년 4월 14일 10시,일요일,강원도 강릉시 주문진읍,중상사고,0,1,0,0,차대사람 - 보도통행중,신호위반,포장 - 건조,맑음,교차로 - 교차로안,화물,남,52세,상해없음,보행자,남,27세,중상
1681,2019041400100436,2019년 4월 14일 22시,일요일,강원도 춘천시 동산면,중상사고,0,1,0,0,차대사람 - 기타,안전운전불이행,포장 - 건조,맑음,기타 - 기타,승합,남,60세,상해없음,보행자,여,70세,중상
1682,2019041500100177,2019년 4월 15일 09시,월요일,강원도 철원군 갈말읍,중상사고,0,1,0,0,차대사람 - 횡단중,보행자보호의무위반,포장 - 건조,맑음,교차로 - 교차로횡단보도내,화물,남,75세,상해없음,보행자,남,81세,중상
1683,2019041500100457,2019년 4월 15일 16시,월요일,강원도 강릉시 주문진읍,중상사고,0,1,0,0,차대사람 - 보도통행중,보행자보호의무위반,포장 - 건조,맑음,기타 - 기타,승용,여,61세,상해없음,보행자,여,74세,중상
1684,2019041500100501,2019년 4월 15일 17시,월요일,강원도 춘천시 근화동,중상사고,0,1,0,0,차대사람 - 횡단중,보행자보호의무위반,포장 - 건조,맑음,교차로 - 교차로횡단보도내,승용,여,32세,상해없음,보행자,여,57세,중상
1685,2019041500100502,2019년 4월 15일 17시,월요일,강원도 강릉시 교동,경상사고,0,0,1,0,차대사람 - 길가장자리구역통행중,안전운전불이행,포장 - 건조,맑음,단일로 - 기타,승용,남,50세,상해없음,보행자,남,8세,경상
1686,2019041500100504,2019년 4월 15일 17시,월요일,강원도 속초시 중앙동,경상사고,0,0,1,0,차대사람 - 횡단중,안전운전불이행,포장 - 건조,맑음,단일로 - 지하차도(도로)내,승용,남,87세,상해없음,보행자,남,60세,경상
1687,2019041500100558,2019년 4월 15일 18시,월요일,강원도 원주시 관설동,중상사고,0,1,0,0,차대사람 - 기타,안전운전불이행,포장 - 건조,맑음,교차로 - 교차로안,승합,여,36세,상해없음,보행자,여,65세,중상
1688,2019041500100559,2019년 4월 15일 18시,월요일,강원도 횡성군 횡성읍,중상사고,0,1,0,0,차대사람 - 횡단중,보행자보호의무위반,포장 - 건조,맑음,교차로 - 교차로횡단보도내,승용,남,69세,상해없음,보행자,여,90세 이상,중상
1689,2019041500100674,2019년 4월 15일 21시,월요일,강원도 춘천시 효자동,중상사고,0,1,0,0,차대사람 - 횡단중,보행자보호의무위반,포장 - 건조,맑음,단일로 - 기타,승용,남,39세,상해없음,보행자,여,18세,중상
1690,2019041600100357,2019년 4월 16일 14시,화요일,강원도 춘천시 동내면,경상사고,0,0,1,0,차대사람 - 기타,기타,포장 - 건조,맑음,단일로 - 기타,승용,여,19세,상해없음,보행자,남,53세,경상
1691,2019041600100442,2019년 4월 16일 16시,화요일,강원도 강릉시 포남동,중상사고,0,1,0,0,차대사람 - 보도통행중,보행자보호의무위반,포장 - 건조,맑음,교차로 - 교차로안,화물,남,36세,상해없음,보행자,여,79세,중상
1692,2019041600100488,2019년 4월 16일 17시,화요일,강원도 삼척시 교동,경상사고,0,0,1,0,차대사람 - 횡단중,안전운전불이행,포장 - 건조,맑음,단일로 - 지하차도(도로)내,승용,남,38세,상해없음,보행자,남,9세,경상
1693,2019041600100646,2019년 4월 16일 21시,화요일,강원도 원주시 관설동,사망사고,1,0,0,0,차대사람 - 차도통행중,안전운전불이행,포장 - 건조,맑음,단일로 - 기타,화물,여,64세,상해없음,보행자,여,73세,사망
1694,2019041700100270,2019년 4월 17일 12시,수요일,강원도 원주시 단구동,중상사고,0,1,0,0,차대사람 - 기타,안전운전불이행,포장 - 건조,맑음,주차장 - 주차장,화물,남,40세,상해없음,보행자,여,57세,중상
1695,2019041700100409,2019년 4월 17일 16시,수요일,강원도 속초시 청학동,경상사고,0,0,1,0,차대사람 - 차도통행중,안전운전불이행,포장 - 건조,맑음,단일로 - 지하차도(도로)내,승용,여,65세,상해없음,보행자,여,55세,경상
1696,2019041800100062,2019년 4월 18일 05시,목요일,강원도 영월군 영월읍,중상사고,0,1,0,0,차대사람 - 횡단중,안전운전불이행,포장 - 건조,맑음,단일로 - 기타,승용,남,58세,상해없음,보행자,남,63세,중상
1697,2019041800100203,2019년 4월 18일 10시,목요일,강원도 원주시 소초면,사망사고,1,0,0,0,차대사람 - 횡단중,안전운전불이행,포장 - 건조,맑음,교차로 - 교차로부근,승용,남,62세,상해없음,보행자,여,76세,사망
1698,2019041800100234,2019년 4월 18일 11시,목요일,강원도 원주시 무실동,경상사고,0,0,1,0,차대사람 - 횡단중,보행자보호의무위반,포장 - 건조,맑음,교차로 - 교차로횡단보도내,승용,남,51세,상해없음,보행자,여,75세,경상
1699,2019041900100098,2019년 4월 19일 07시,금요일,강원도 강릉시 노암동,경상사고,0,0,1,0,차대사람 - 기타,안전운전불이행,포장 - 건조,맑음,기타 - 기타,자전거,남,40세,상해없음,보행자,여,25세,경상
1700,2019041900100528,2019년 4월 19일 18시,금요일,강원도 강릉시 내곡동,중상사고,0,1,0,0,차대사람 - 횡단중,보행자보호의무위반,포장 - 건조,맑음,교차로 - 교차로횡단보도내,승용,여,69세,상해없음,보행자,남,69세,중상