,사고번호,사고일시,요일,시군구,사고내용,사망자수,중상자수,경상자수,부상신고자수,사고유형,법규위반,노면상태,기상상태,도로형태,가해운전자 차종,가해운전자 성별,가해운전자 연령,가해운전자 상해정도,피해운전자 차종,피해운전자 성별,피해운전자 연령,피해운전자 상해정도
1928,2019062400100637,2019년 6월 24일 20시,월요일,강원도 원주시 명륜동,경상사고,0,0,1,0,차대사람 - 횡단중,안전운전불이행,포장 - 건조,맑음,교차로 - 교차로안,승합,남,43세,상해없음,보행자,남,50세,경상
1929,2019062400100672,2019년 6월 24일 21시,월요일,강원도 동해시 부곡동,중상사고,0,1,0,0,차대사람 - 보도통행중,보행자보호의무위반,포장 - 건조,맑음,단일로 - 기타,승용,남,56세,상해없음,보행자,여,73세,중상
1930,2019062400100696,2019년 6월 24일 22시,월요일,강원도 원주시 관설동,경상사고,0,0,1,0,차대사람 - 횡단중,보행자보호의무위반,포장 - 건조,맑음,단일로 - 지하차도(도로)내,승용,여,47세,상해없음,보행자,남,55세,경상
1931,2019062500100185,2019년 6월 25일 09시,화요일,강원도 춘천시 우두동,부상신고사고,0,0,0,1,차대사람 - 보도통행중,안전운전불이행,포장 - 건조,맑음,단일로 - 기타,기타불명,기타불명,미분류,기타불명,보행자,남,5세,부상신고
1932,2019062500100282,2019년 6월 25일 12시,화요일,강원도 강릉시 저동,경상사고,0,0,1,0,차대사람 - 기타,안전운전불이행,포장 - 건조,맑음,단일로 - 기타,승용,여,46세,상해없음,보행자,남,66세,경상
1933,2019062500100307,2019년 6월 25일 13시,화요일,강원도 원주시 개운동,중상사고,0,1,0,0,차대사람 - 차도통행중,안전운전불이행,포장 - 건조,맑음,단일로 - 기타,승용,남,56세,상해없음,보행자,남,63세,중상
1934,2019062500100615,2019년 6월 25일 19시,화요일,강원도 원주시 학성동,경상사고,0,0,1,0,차대사람 - 기타,보행자보호의무위반,포장 - 건조,맑음,교차로 - 교차로횡단보도내,승용,여,49세,기타불명,보행자,여,60세,경상
1935,2019062600100158,2019년 6월 26일 09시,수요일,강원도 원주시 단계동,중상사고,0,1,0,0,차대사람 - 기타,안전운전불이행,포장 - 건조,맑음,교차로 - 교차로횡단보도내,화물,남,26세,상해없음,보행자,여,81세,중상
1936,2019062600100484,2019년 6월 26일 17시,수요일,강원도 동해시 천곡동,경상사고,0,0,1,0,차대사람 - 횡단중,보행자보호의무위반,포장 - 건조,맑음,교차로 - 교차로횡단보도내,화물,남,53세,상해없음,보행자,여,88세,경상
1937,2019062600100529,2019년 6월 26일 18시,수요일,강원도 삼척시 도계읍,중상사고,0,1,0,0,차대사람 - 횡단중,안전운전불이행,포장 - 건조,맑음,교차로 - 교차로안,화물,남,56세,상해없음,보행자,남,65세,중상
1938,2019062700100028,2019년 6월 27일 00시,목요일,강원도 속초시 조양동,사망사고,1,0,0,0,차대사람 - 횡단중,안전운전불이행,포장 - 건조,맑음,단일로 - 지하차도(도로)내,승합,남,64세,상해없음,보행자,남,56세,사망
1939,2019062700100242,2019년 6월 27일 11시,목요일,강원도 홍천군 홍천읍,중상사고,0,1,0,0,차대사람 - 횡단중,보행자보호의무위반,포장 - 건조,맑음,교차로 - 교차로횡단보도내,승용,여,55세,상해없음,보행자,여,52세,중상
1940,2019062700100511,2019년 6월 27일 18시,목요일,강원도 춘천시 서면,경상사고,0,0,1,0,차대사람 - 길가장자리구역통행중,안전운전불이행,포장 - 건조,맑음,단일로 - 기타,화물,남,83세,상해없음,보행자,여,67세,경상
1941,2019062800100344,2019년 6월 28일 14시,금요일,강원도 삼척시 정상동,경상사고,0,0,1,0,차대사람 - 횡단중,안전운전불이행,포장 - 건조,맑음,단일로 - 기타,화물,남,53세,상해없음,보행자,여,16세,경상
1942,2019062800100709,2019년 6월 28일 23시,금요일,강원도 원주시 단계동,경상사고,0,0,2,0,차대사람 - 횡단중,보행자보호의무위반,포장 - 건조,맑음,단일로 - 지하차도(도로)내,승용,남,26세,상해없음,보행자,남,57세,경상
1943,2019062900100059,2019년 6월 29일 01시,토요일,강원도 양양군 현남면,경상사고,0,0,1,0,차대사람 - 차도통행중,중앙선침범,포장 - 젖음/습기,비,단일로 - 기타,승용,남,27세,상해없음,보행자,여,27세,경상
1944,2019062900100156,2019년 6월 29일 08시,토요일,강원도 원주시 명륜동,경상사고,0,0,1,0,차대사람 - 차도통행중,신호위반,포장 - 젖음/습기,비,교차로 - 교차로안,승용,여,41세,상해없음,보행자,여,37세,경상
1945,2019062900100414,2019년 6월 29일 16시,토요일,강원도 삼척시 적노동,경상사고,0,0,1,0,차대사람 - 기타,안전운전불이행,포장 - 건조,흐림,단일로 - 기타,승용,남,53세,상해없음,보행자,남,49세,경상
1946,2019062900100620,2019년 6월 29일 22시,토요일,강원도 춘천시 효자동,경상사고,0,0,1,0,차대사람 - 기타,안전운전불이행,포장 - 건조,맑음,단일로 - 기타,승용,남,34세,상해없음,보행자,여,20세,경상
1947,2019062900100645,2019년 6월 29일 23시,토요일,강원도 횡성군 둔내면,중상사고,0,1,0,0,차대사람 - 차도통행중,안전운전불이행,포장 - 건조,맑음,단일로 - 기타,화물,남,72세,상해없음,보행자,남,25세,중상
1948,2019063000100161,2019년 6월 30일 11시,일요일,강원도 횡성군 횡성읍,중상사고,0,1,0,0,차대사람 - 기타,기타,포장 - 건조,맑음,단일로 - 기타,승용,남,81세,상해없음,보행자,남,57세,중상
1949,2019070100100130,2019년 7월 1일 08시,월요일,강원도 강릉시 옥천동,경상사고,0,0,1,0,차대사람 - 기타,기타,포장 - 건조,맑음,교차로 - 교차로안,화물,남,51세,상해없음,보행자,여,63세,경상
1950,2019070100100134,2019년 7월 1일 08시,월요일,강원도 양양군 양양읍,경상사고,0,0,1,0,차대사람 - 보도통행중,안전운전불이행,포장 - 건조,맑음,단일로 - 기타,화물,남,44세,상해없음,보행자,여,13세,경상
1951,2019070100100324,2019년 7월 1일 13시,월요일,강원도 원주시 명륜동,중상사고,0,1,0,0,차대사람 - 횡단중,보행자보호의무위반,포장 - 건조,맑음,교차로 - 교차로횡단보도내,승용,남,55세,상해없음,보행자,남,68세,중상
1952,2019070100100654,2019년 7월 1일 22시,월요일,강원도 평창군 봉평면,중상사고,0,1,0,0,차대사람 - 차도통행중,안전운전불이행,포장 - 건조,맑음,단일로 - 기타,승용,남,23세,상해없음,보행자,남,59세,중상
1953,2019070200100139,2019년 7월 2일 08시,화요일,강원도 강릉시 포남동,중상사고,0,1,0,0,차대사람 - 횡단중,안전운전불이행,포장 - 건조,맑음,교차로 - 교차로부근,화물,남,52세,상해없음,보행자,여,36세,중상
1954,2019070200100335,2019년 7월 2일 14시,화요일,강원도 춘천시 후평동,중상사고,0,1,0,0,차대사람 - 횡단중,안전운전불이행,포장 - 건조,맑음,단일로 - 기타,승용,여,36세,상해없음,보행자,여,77세,중상
1955,2019070200100441,2019년 7월 2일 17시,화요일,강원도 강릉시 포남동,경상사고,0,0,1,0,차대사람 - 기타,안전운전불이행,포장 - 건조,맑음,단일로 - 기타,승용,여,57세,상해없음,보행자,여,15세,경상
1956,2019070200100479,2019년 7월 2일 18시,화요일,강원도 춘천시 동면,경상사고,0,0,1,0,차대사람 - 횡단중,안전운전불이행,포장 - 건조,맑음,교차로 - 교차로부근,승용,남,35세,상해없음,보행자,여,77세,경상
1957,2019070200100482,2019년 7월 2일 18시,화요일,강원도 정선군 고한읍,경상사고,0,0,1,0,차대사람 - 기타,안전운전불이행,포장 - 건조,맑음,기타 - 기타,승용,남,51세,상해없음,보행자,여,44세,경상
1958,2019070200100559,2019년 7월 2일 20시,화요일,강원도 춘천시 석사동,경상사고,0,0,1,0,차대사람 - 기타,안전운전불이행,포장 - 건조,맑음,단일로 - 기타,자전거,남,59세,상해없음,보행자,남,35세,경상
1959,2019070200100584,2019년 7월 2일 21시,화요일,강원도 양구군 양구읍,경상사고,0,0,1,0,차대사람 - 차도통행중,보행자보호의무위반,포장 - 건조,맑음,교차로 - 교차로안,승합,남,31세,상해없음,보행자,남,55세,경상
1960,2019070300100490,2019년 7월 3일 18시,수요일,강원도 삼척시 사직동,중상사고,0,1,0,0,차대사람 - 횡단중,보행자보호의무위반,포장 - 건조,흐림,교차로 - 교차로안,승용,남,59세,상해없음,보행자,남,55세,중상
1961,2019070300100491,2019년 7월 3일 18시,수요일,강원도 동해시 천곡동,중상사고,0,1,0,0,차대사람 - 길가장자리구역통행중,안전운전불이행,포장 - 건조,맑음,단일로 - 기타,승용,남,25세,상해없음,보행자,여,64세,중상
1962,2019070400100072,2019년 7월 4일 06시,목요일,강원도 원주시 명륜동,중상사고,0,1,0,0,차대사람 - 횡단중,보행자보호의무위반,포장 - 건조,맑음,교차로 - 교차로횡단보도내,승용,남,52세,상해없음,보행자,여,74세,중상
1963,2019070400100394,2019년 7월 4일 15시,목요일,강원도 원주시 태장동,경상사고,0,0,1,0,차대사람 - 횡단중,보행자보호의무위반,포장 - 건조,맑음,단일로 - 기타,승용,여,57세,상해없음,보행자,남,17세,경상
1964,2019070400100427,2019년 7월 4일 16시,목요일,강원도 원주시 우산동,경상사고,0,0,1,0,차대사람 - 횡단중,안전운전불이행,포장 - 건조,맑음,단일로 - 기타,승용,남,55세,상해없음,보행자,여,55세,경상
1965,2019070400100559,2019년 7월 4일 19시,목요일,강원도 춘천시 석사동,경상사고,0,0,1,0,차대사람 - 횡단중,보행자보호의무위반,포장 - 건조,맑음,교차로 - 교차로횡단보도내,승용,남,29세,상해없음,보행자,남,5세,경상
1966,2019070500100238,2019년 7월 5일 11시,금요일,강원도 춘천시 퇴계동,중상사고,0,1,0,0,차대사람 - 기타,안전운전불이행,포장 - 건조,맑음,단일로 - 기타,화물,여,54세,상해없음,보행자,여,59세,중상
1967,2019070500100430,2019년 7월 5일 16시,금요일,강원도 원주시 무실동,중상사고,0,1,0,0,차대사람 - 횡단중,보행자보호의무위반,포장 - 건조,맑음,교차로 - 교차로횡단보도내,화물,남,43세,상해없음,보행자,여,20세,중상
1968,2019070500100640,2019년 7월 5일 21시,금요일,강원도 원주시 단계동,경상사고,0,0,1,0,차대사람 - 길가장자리구역통행중,안전운전불이행,포장 - 건조,맑음,단일로 - 기타,승용,여,58세,상해없음,보행자,남,41세,경상
1969,2019070600100311,2019년 7월 6일 12시,토요일,강원도 원주시 단계동,경상사고,0,0,1,0,차대사람 - 기타,안전운전불이행,포장 - 건조,맑음,단일로 - 기타,승용,남,46세,상해없음,보행자,남,39세,경상
1970,2019070600100691,2019년 7월 6일 22시,토요일,강원도 춘천시 석사동,경상사고,0,0,1,0,차대사람 - 횡단중,안전운전불이행,포장 - 건조,맑음,교차로 - 교차로안,승용,여,45세,상해없음,보행자,여,54세,경상
1971,2019070700100261,2019년 7월 7일 14시,일요일,강원도 원주시 중앙동,중상사고,0,1,0,0,차대사람 - 횡단중,보행자보호의무위반,포장 - 건조,맑음,교차로 - 교차로횡단보도내,이륜,남,16세,상해없음,보행자,여,60세,중상
1972,2019070700100332,2019년 7월 7일 16시,일요일,강원도 원주시 단구동,경상사고,0,0,1,0,차대사람 - 보도통행중,보행자보호의무위반,포장 - 건조,맑음,교차로 - 교차로횡단보도내,승용,여,60세,상해없음,보행자,여,11세,경상
1973,2019070800100120,2019년 7월 8일 08시,월요일,강원도 원주시 문막읍,중상사고,0,1,0,0,차대사람 - 횡단중,안전운전불이행,포장 - 건조,맑음,단일로 - 기타,승용,남,56세,상해없음,보행자,여,90세 이상,중상
1974,2019070800100207,2019년 7월 8일 10시,월요일,강원도 원주시 중앙동,중상사고,0,1,0,0,차대사람 - 차도통행중,안전운전불이행,포장 - 건조,맑음,단일로 - 기타,화물,남,58세,상해없음,보행자,여,70세,중상
1975,2019070800100242,2019년 7월 8일 11시,월요일,강원도 양양군 양양읍,경상사고,0,0,1,0,차대사람 - 횡단중,보행자보호의무위반,포장 - 건조,맑음,기타 - 기타,승용,여,54세,상해없음,보행자,여,66세,경상
1976,2019070800100314,2019년 7월 8일 13시,월요일,강원도 원주시 무실동,경상사고,0,0,1,0,차대사람 - 횡단중,신호위반,포장 - 건조,맑음,교차로 - 교차로횡단보도내,원동기,남,20세,상해없음,보행자,여,8세,경상
1977,2019070800100367,2019년 7월 8일 15시,월요일,강원도 횡성군 둔내면,부상신고사고,0,0,0,1,차대사람 - 횡단중,안전운전불이행,포장 - 건조,맑음,단일로 - 기타,승용,남,61세,상해없음,보행자,남,55세,부상신고
1978,2019070800100408,2019년 7월 8일 16시,월요일,강원도 삼척시 교동,경상사고,0,0,1,0,차대사람 - 횡단중,보행자보호의무위반,포장 - 건조,맑음,교차로 - 교차로안,승용,여,52세,상해없음,보행자,여,61세,경상
1979,2019070800100568,2019년 7월 8일 21시,월요일,강원도 강릉시 교동,경상사고,0,0,1,0,차대사람 - 횡단중,보행자보호의무위반,포장 - 건조,맑음,교차로 - 교차로횡단보도내,승용,여,58세,상해없음,보행자,여,67세,경상
1980,2019070900100052,2019년 7월 9일 03시,화요일,강원도 동해시 부곡동,경상사고,0,0,1,0,차대사람 - 기타,안전운전불이행,포장 - 건조,흐림,단일로 - 기타,승용,남,29세,상해없음,보행자,여,58세,경상
1981,2019070900100377,2019년 7월 9일 15시,화요일,강원도 삼척시 남양동,경상사고,0,0,1,0,차대사람 - 기타,신호위반,포장 - 건조,맑음,교차로 - 교차로횡단보도내,기타불명,기타불명,미분류,기타불명,보행자,남,21세,경상
1982,2019071000100036,2019년 7월 10일 01시,수요일,강원도 춘천시 석사동,경상사고,0,0,1,0,차대사람 - 기타,안전운전불이행,포장 - 건조,맑음,단일로 - 기타,승용,남,45세,상해없음,보행자,여,19세,경상
1983,2019071000100037,2019년 7월 10일 01시,수요일,강원도 원주시 단구동,경상사고,0,0,1,0,차대사람 - 차도통행중,안전운전불이행,포장 - 건조,맑음,단일로 - 기타,승용,남,31세,상해없음,보행자,남,64세,경상
1984,2019071000100304,2019년 7월 10일 14시,수요일,강원도 홍천군 내면,경상사고,0,0,1,0,차대사람 - 기타,안전운전불이행,포장 - 건조,맑음,단일로 - 기타,승용,남,37세,상해없음,보행자,남,67세,경상
1985,2019071000100367,2019년 7월 10일 16시,수요일,강원도 영월군 영월읍,부상신고사고,0,0,0,1,차대사람 - 횡단중,보행자보호의무위반,포장 - 젖음/습기,비,단일로 - 기타,승용,여,46세,상해없음,보행자,여,9세,부상신고
1986,2019071000100622,2019년 7월 10일 21시,수요일,강원도 춘천시 효자동,중상사고,0,1,0,0,차대사람 - 횡단중,신호위반,포장 - 젖음/습기,비,교차로 - 교차로횡단보도내,승용,남,61세,상해없음,보행자,여,49세,중상
1987,2019071000100623,2019년 7월 10일 21시,수요일,강원도 원주시 무실동,경상사고,0,0,1,0,차대사람 - 횡단중,보행자보호의무위반,포장 - 젖음/습기,흐림,단일로 - 기타,이륜,남,32세,상해없음,보행자,남,22세,경상
1988,2019071000100674,2019년 7월 10일 22시,수요일,강원도 춘천시 퇴계동,중상사고,0,1,0,0,차대사람 - 차도통행중,안전운전불이행,포장 - 젖음/습기,비,단일로 - 기타,기타불명,기타불명,미분류,기타불명,보행자,여,62세,중상
1989,2019071000100717,2019년 7월 10일 23시,수요일,강원도 원주시 단계동,경상사고,0,0,1,0,차대사람 - 횡단중,보행자보호의무위반,포장 - 젖음/습기,비,교차로 - 교차로횡단보도내,승용,남,33세,상해없음,보행자,남,15세,경상
1990,2019071100100149,2019년 7월 11일 08시,목요일,강원도 강릉시 홍제동,중상사고,0,1,0,0,차대사람 - 횡단중,안전운전불이행,포장 - 젖음/습기,비,교차로 - 교차로안,승용,여,44세,상해없음,보행자,여,73세,중상
1991,2019071100100150,2019년 7월 11일 08시,목요일,강원도 원주시 학성동,경상사고,0,0,1,0,차대사람 - 횡단중,신호위반,포장 - 건조,맑음,교차로 - 교차로횡단보도내,승용,여,52세,상해없음,보행자,남,7세,경상
1992,2019071100100189,2019년 7월 11일 09시,목요일,강원도 춘천시 석사동,경상사고,0,0,1,0,차대사람 - 기타,안전운전불이행,포장 - 건조,맑음,교차로 - 교차로부근,화물,남,43세,상해없음,보행자,남,68세,경상
1993,2019071100100191,2019년 7월 11일 09시,목요일,강원도 양양군 양양읍,중상사고,0,1,0,0,차대사람 - 길가장자리구역통행중,안전운전불이행,포장 - 젖음/습기,비,단일로 - 기타,승용,남,44세,상해없음,보행자,여,40세,중상
1994,2019071100100221,2019년 7월 11일 10시,목요일,강원도 원주시 학성동,경상사고,0,0,1,0,차대사람 - 기타,안전운전불이행,포장 - 건조,맑음,단일로 - 기타,승용,남,78세,상해없음,보행자,여,62세,경상
1995,2019071100100607,2019년 7월 11일 22시,목요일,강원도 원주시 명륜동,부상신고사고,0,0,0,1,차대사람 - 기타,안전운전불이행,포장 - 건조,맑음,단일로 - 기타,승용,남,58세,상해없음,보행자,남,54세,부상신고
1996,2019071200100101,2019년 7월 12일 07시,금요일,강원도 강릉시 교동,경상사고,0,0,1,0,차대사람 - 횡단중,신호위반,포장 - 건조,맑음,교차로 - 교차로횡단보도내,승합,남,71세,상해없음,보행자,여,13세,경상
1997,2019071200100148,2019년 7월 12일 08시,금요일,강원도 인제군 인제읍,사망사고,1,0,0,0,차대사람 - 보도통행중,중앙선침범,포장 - 건조,맑음,교차로 - 교차로부근,승용,여,48세,상해없음,보행자,여,8세,사망
1998,2019071200100149,2019년 7월 12일 08시,금요일,강원도 고성군 간성읍,경상사고,0,0,1,0,차대사람 - 기타,안전운전불이행,포장 - 건조,맑음,기타 - 기타,기타불명,남,20세,상해없음,보행자,여,24세,경상
1999,2019071200100296,2019년 7월 12일 12시,금요일,강원도 춘천시 후평동,중상사고,0,1,0,0,차대사람 - 횡단중,보행자보호의무위반,포장 - 건조,맑음,교차로 - 교차로안,승용,여,56세,상해없음,보행자,남,90세 이상,중상
2000,2019071200100297,2019년 7월 12일 12시,금요일,강원도 속초시 조양동,중상사고,0,1,0,0,차대사람 - 길가장자리구역통행중,안전운전불이행,포장 - 건조,맑음,기타 - 기타,승용,여,59세,상해없음,보행자,여,76세,중상
2001,2019071200100339,2019년 7월 12일 13시,금요일,강원도 평창군 봉평면,중상사고,0,1,0,0,차대사람 - 횡단중,안전운전불이행,포장 - 건조,맑음,단일로 - 기타,승용,남,52세,상해없음,보행자,여,82세,중상
2002,2019071200100440,2019년 7월 12일 16시,금요일,강원도 원주시 행구동,경상사고,0,0,1,0,차대사람 - 횡단중,신호위반,포장 - 건조,맑음,교차로 - 교차로횡단보도내,승합,남,40세,상해없음,보행자,여,17세,경상
2003,2019071200100607,2019년 7월 12일 19시,금요일,강원도 고성군 토성면,부상신고사고,0,0,0,1,차대사람 - 횡단중,안전운전불이행,포장 - 건조,맑음,기타 - 기타,승합,남,51세,상해없음,보행자,여,6세,부상신고
2004,2019071200100666,2019년 7월 12일 21시,금요일,강원도 정선군 고한읍,중상사고,0,1,0,0,차대사람 - 횡단중,보행자보호의무위반,포장 - 건조,맑음,교차로 - 교차로부근,승합,남,62세,상해없음,보행자,여,80세,중상
2005,2019071300100353,2019년 7월 13일 15시,토요일,강원도 삼척시 원덕읍,경상사고,0,0,1,0,차대사람 - 길가장자리구역통행중,안전운전불이행,포장 - 건조,맑음,단일로 - 기타,승용,여,58세,상해없음,보행자,여,51세,경상
2006,2019071300100467,2019년 7월 13일 18시,토요일,강원도 화천군 화천읍,경상사고,0,0,1,0,차대사람 - 횡단중,안전운전불이행,포장 - 건조,맑음,단일로 - 기타,승합,남,54세,상해없음,보행자,남,3세,경상
2007,2019071300100468,2019년 7월 13일 18시,토요일,강원도 양구군 양구읍,경상사고,0,0,3,0,차대사람 - 횡단중,보행자보호의무위반,포장 - 건조,맑음,단일로 - 기타,이륜,남,27세,경상,보행자,남,26세,경상
2008,2019071400100042,2019년 7월 14일 01시,일요일,강원도 삼척시 사직동,중상사고,0,1,0,0,차대사람 - 기타,안전운전불이행,포장 - 건조,맑음,교차로 - 교차로안,승용,남,53세,상해없음,보행자,남,24세,중상
2009,2019071400100072,2019년 7월 14일 04시,일요일,강원도 원주시 개운동,경상사고,0,0,1,0,차대사람 - 횡단중,안전운전불이행,포장 - 건조,맑음,단일로 - 기타,승용,여,60세,상해없음,보행자,여,22세,경상
2010,2019071400100352,2019년 7월 14일 17시,일요일,강원도 춘천시 신북읍,중상사고,0,1,0,0,차대사람 - 횡단중,안전운전불이행,포장 - 건조,맑음,교차로 - 교차로안,승용,남,38세,상해없음,보행자,여,6세,중상
2011,2019071400100354,2019년 7월 14일 17시,일요일,강원도 삼척시 교동,중상사고,0,1,0,0,차대사람 - 기타,안전운전불이행,포장 - 건조,맑음,단일로 - 기타,승용,여,41세,상해없음,보행자,남,48세,중상
2012,2019071500100447,2019년 7월 15일 17시,월요일,강원도 원주시 태장동,경상사고,0,0,1,0,차대사람 - 횡단중,중앙선침범,포장 - 건조,맑음,단일로 - 기타,승용,남,62세,상해없음,보행자,남,70세,경상
2013,2019071500100549,2019년 7월 15일 19시,월요일,강원도 동해시 쇄운동,중상사고,0,1,0,0,차대사람 - 보도통행중,보행자보호의무위반,포장 - 건조,흐림,교차로 - 교차로횡단보도내,화물,남,64세,상해없음,보행자,남,74세,중상
2014,2019071500100594,2019년 7월 15일 21시,월요일,강원도 삼척시 가곡면,사망사고,2,1,0,0,차대사람 - 차도통행중,안전운전불이행,포장 - 건조,맑음,단일로 - 기타,화물,남,59세,상해없음,보행자,여,79세,사망
2015,2019071600100266,2019년 7월 16일 13시,화요일,강원도 평창군 용평면,부상신고사고,0,0,0,1,차대사람 - 기타,안전운전불이행,포장 - 건조,맑음,주차장 - 주차장,승용,남,56세,상해없음,보행자,여,61세,부상신고
2016,2019071600100558,2019년 7월 16일 20시,화요일,강원도 춘천시 동면,중상사고,0,1,0,0,차대사람 - 횡단중,보행자보호의무위반,포장 - 건조,맑음,교차로 - 교차로횡단보도내,승용,남,68세,상해없음,보행자,남,59세,중상
2017,2019071600100559,2019년 7월 16일 20시,화요일,강원도 횡성군 횡성읍,중상사고,0,1,0,0,차대사람 - 횡단중,보행자보호의무위반,포장 - 젖음/습기,흐림,교차로 - 교차로횡단보도내,화물,남,76세,상해없음,보행자,남,69세,중상
2018,2019071600100586,2019년 7월 16일 21시,화요일,강원도 동해시 이도동,경상사고,0,0,1,0,차대사람 - 기타,안전운전불이행,포장 - 건조,맑음,단일로 - 기타,승용,남,50세,상해없음,보행자,남,56세,경상
2019,2019071700100123,2019년 7월 17일 08시,수요일,강원도 춘천시 요선동,경상사고,0,0,1,0,차대사람 - 횡단중,보행자보호의무위반,포장 - 건조,맑음,교차로 - 교차로횡단보도내,화물,남,72세,상해없음,보행자,여,43세,경상
2020,2019071700100402,2019년 7월 17일 16시,수요일,강원도 강릉시 포남동,경상사고,0,0,1,0,차대사람 - 기타,안전운전불이행,포장 - 건조,맑음,단일로 - 기타,승용,남,59세,상해없음,보행자,남,6세,경상
2021,2019071700100489,2019년 7월 17일 18시,수요일,강원도 춘천시 효자동,중상사고,0,1,0,0,차대사람 - 횡단중,안전운전불이행,포장 - 건조,맑음,교차로 - 교차로안,승용,남,46세,상해없음,보행자,남,28세,중상
2022,2019071700100560,2019년 7월 17일 20시,수요일,강원도 춘천시 효자동,중상사고,0,1,0,0,차대사람 - 횡단중,보행자보호의무위반,포장 - 건조,맑음,교차로 - 교차로횡단보도내,승용,남,60세,상해없음,보행자,남,53세,중상
2023,2019071700100624,2019년 7월 17일 22시,수요일,강원도 홍천군 홍천읍,중상사고,0,1,0,0,차대사람 - 기타,안전운전불이행,포장 - 건조,맑음,교차로 - 교차로안,승용,여,58세,상해없음,보행자,여,49세,중상
2024,2019071800100108,2019년 7월 18일 08시,목요일,강원도 춘천시 동내면,경상사고,0,0,1,0,차대사람 - 기타,보행자보호의무위반,포장 - 건조,맑음,교차로 - 교차로횡단보도내,승용,여,38세,상해없음,보행자,여,35세,경상
2025,2019071800100530,2019년 7월 18일 20시,목요일,강원도 화천군 상서면,중상사고,0,1,0,0,차대사람 - 횡단중,안전운전불이행,포장 - 건조,맑음,단일로 - 기타,승용,남,50세,상해없음,보행자,남,25세,중상
2026,2019071800100594,2019년 7월 18일 22시,목요일,강원도 태백시 황지동,경상사고,0,0,1,0,차대사람 - 기타,안전운전불이행,포장 - 건조,흐림,교차로 - 교차로부근,승용,남,45세,상해없음,보행자,여,20세,경상
2027,2019071900100190,2019년 7월 19일 09시,금요일,강원도 홍천군 홍천읍,중상사고,0,1,0,0,차대사람 - 기타,기타,포장 - 건조,맑음,주차장 - 주차장,승용,남,59세,상해없음,보행자,여,85세,중상
2028,2019071900100265,2019년 7월 19일 11시,금요일,강원도 춘천시 근화동,중상사고,0,1,0,0,차대사람 - 횡단중,보행자보호의무위반,포장 - 건조,맑음,교차로 - 교차로횡단보도내,승용,여,64세,상해없음,보행자,여,71세,중상
2029,2019071900100266,2019년 7월 19일 11시,금요일,강원도 강릉시 성남동,중상사고,0,1,0,0,차대사람 - 횡단중,안전운전불이행,포장 - 건조,맑음,교차로 - 교차로부근,화물,남,52세,상해없음,보행자,여,77세,중상
2030,2019071900100267,2019년 7월 19일 11시,금요일,강원도 홍천군 화촌면,경상사고,0,0,1,0,차대사람 - 횡단중,안전운전불이행,포장 - 건조,맑음,교차로 - 교차로부근,화물,남,33세,상해없음,보행자,남,13세,경상
2031,2019071900100355,2019년 7월 19일 13시,금요일,강원도 원주시 단계동,중상사고,0,1,0,0,차대사람 - 횡단중,신호위반,포장 - 건조,맑음,교차로 - 교차로횡단보도내,승합,남,50세,상해없음,보행자,남,7세,중상
2032,2019071900100462,2019년 7월 19일 16시,금요일,강원도 홍천군 홍천읍,부상신고사고,0,0,0,1,차대사람 - 차도통행중,안전운전불이행,포장 - 건조,맑음,단일로 - 기타,승용,여,35세,상해없음,보행자,남,15세,부상신고
2033,2019072000100033,2019년 7월 20일 00시,토요일,강원도 속초시 영랑동,경상사고,0,0,1,0,차대사람 - 횡단중,보행자보호의무위반,포장 - 건조,맑음,교차로 - 교차로안,승합,남,46세,상해없음,보행자,남,47세,경상
2034,2019072000100633,2019년 7월 20일 23시,토요일,강원도 속초시 교동,중상사고,0,1,0,0,차대사람 - 횡단중,안전운전불이행,포장 - 젖음/습기,비,단일로 - 기타,이륜,남,19세,상해없음,보행자,남,55세,중상
2035,2019072100100187,2019년 7월 21일 11시,일요일,강원도 철원군 동송읍,중상사고,0,1,0,0,차대사람 - 기타,안전운전불이행,포장 - 건조,맑음,단일로 - 기타,특수,남,51세,상해없음,보행자,여,76세,중상
2036,2019072100100261,2019년 7월 21일 14시,일요일,강원도 원주시 호저면,경상사고,0,0,1,0,차대사람 - 기타,안전운전불이행,포장 - 젖음/습기,비,교차로 - 교차로부근,승용,남,42세,상해없음,보행자,남,22세,경상
2037,2019072200100080,2019년 7월 22일 06시,월요일,강원도 속초시 교동,중상사고,0,1,0,0,차대사람 - 횡단중,안전운전불이행,포장 - 건조,맑음,교차로 - 교차로안,승용,남,48세,상해없음,보행자,여,84세,중상
2038,2019072200100244,2019년 7월 22일 11시,월요일,강원도 춘천시 소양로1가,경상사고,0,0,1,0,차대사람 - 횡단중,신호위반,포장 - 건조,맑음,단일로 - 기타,승용,여,53세,상해없음,보행자,남,44세,경상
2039,2019072200100322,2019년 7월 22일 13시,월요일,강원도 춘천시 신동면,부상신고사고,0,0,0,1,차대사람 - 기타,안전운전불이행,포장 - 건조,맑음,단일로 - 기타,승용,여,50세,상해없음,보행자,남,58세,부상신고
2040,2019072200100324,2019년 7월 22일 13시,월요일,강원도 정선군 정선읍,경상사고,0,0,1,0,차대사람 - 횡단중,안전운전불이행,포장 - 건조,맑음,단일로 - 기타,승용,남,53세,상해없음,보행자,여,90세 이상,경상