,사고번호,사고일시,요일,시군구,사고내용,사망자수,중상자수,경상자수,부상신고자수,사고유형,법규위반,노면상태,기상상태,도로형태,가해운전자 차종,가해운전자 성별,가해운전자 연령,가해운전자 상해정도,피해운전자 차종,피해운전자 성별,피해운전자 연령,피해운전자 상해정도
2041,2019072300100080,2019년 7월 23일 05시,화요일,강원도 춘천시 효자동,경상사고,0,0,1,0,차대사람 - 횡단중,안전운전불이행,포장 - 건조,맑음,교차로 - 교차로안,이륜,남,18세,상해없음,보행자,남,57세,경상
2042,2019072300100228,2019년 7월 23일 11시,화요일,강원도 원주시 단계동,중상사고,0,1,0,0,차대사람 - 보도통행중,보행자보호의무위반,포장 - 건조,맑음,교차로 - 교차로횡단보도내,승용,여,48세,상해없음,보행자,여,44세,중상
2043,2019072300100522,2019년 7월 23일 18시,화요일,강원도 동해시 발한동,경상사고,0,0,1,0,차대사람 - 기타,안전운전불이행,포장 - 건조,흐림,단일로 - 지하차도(도로)내,승합,남,38세,상해없음,보행자,여,57세,경상
2044,2019072300100557,2019년 7월 23일 19시,화요일,강원도 동해시 평릉동,경상사고,0,0,1,0,차대사람 - 횡단중,신호위반,포장 - 건조,맑음,교차로 - 교차로횡단보도내,승용,여,62세,상해없음,보행자,여,15세,경상
2045,2019072400100379,2019년 7월 24일 15시,수요일,강원도 원주시 단계동,경상사고,0,0,1,0,차대사람 - 횡단중,안전운전불이행,포장 - 건조,맑음,단일로 - 기타,승용,남,64세,상해없음,보행자,남,63세,경상
2046,2019072400100475,2019년 7월 24일 17시,수요일,강원도 원주시 명륜동,경상사고,0,0,1,0,차대사람 - 보도통행중,신호위반,포장 - 건조,맑음,교차로 - 교차로횡단보도내,이륜,남,18세,상해없음,보행자,여,29세,경상
2047,2019072400100520,2019년 7월 24일 18시,수요일,강원도 춘천시 신북읍,경상사고,0,0,1,0,차대사람 - 횡단중,보행자보호의무위반,포장 - 건조,맑음,교차로 - 교차로횡단보도내,승용,여,57세,상해없음,보행자,여,73세,경상
2048,2019072400100655,2019년 7월 24일 22시,수요일,강원도 춘천시 후평동,경상사고,0,0,1,0,차대사람 - 기타,안전운전불이행,포장 - 건조,맑음,단일로 - 기타,승용,여,47세,상해없음,보행자,남,58세,경상
2049,2019072500100267,2019년 7월 25일 12시,목요일,강원도 홍천군 북방면,중상사고,0,1,0,0,차대사람 - 차도통행중,안전운전불이행,포장 - 건조,맑음,교차로 - 교차로안,화물,남,71세,상해없음,보행자,여,84세,중상
2050,2019072500100599,2019년 7월 25일 22시,목요일,강원도 정선군 사북읍,중상사고,0,1,0,0,차대사람 - 횡단중,보행자보호의무위반,포장 - 젖음/습기,맑음,교차로 - 교차로안,승합,남,62세,상해없음,보행자,남,50세,중상
2051,2019072600100102,2019년 7월 26일 07시,금요일,강원도 원주시 무실동,경상사고,0,0,1,0,차대사람 - 횡단중,안전운전불이행,포장 - 젖음/습기,비,단일로 - 기타,승용,남,73세,상해없음,보행자,여,65세,경상
2052,2019072600100128,2019년 7월 26일 08시,금요일,강원도 강릉시 홍제동,사망사고,1,0,0,0,차대사람 - 횡단중,보행자보호의무위반,포장 - 젖음/습기,흐림,교차로 - 교차로부근,승합,남,46세,상해없음,보행자,여,85세,사망
2053,2019072600100206,2019년 7월 26일 11시,금요일,강원도 삼척시 남양동,경상사고,0,0,1,0,차대사람 - 횡단중,신호위반,포장 - 건조,맑음,교차로 - 교차로횡단보도내,승용,남,84세,상해없음,보행자,여,63세,경상
2054,2019072600100306,2019년 7월 26일 14시,금요일,강원도 홍천군 홍천읍,경상사고,0,0,1,0,차대사람 - 기타,보행자보호의무위반,포장 - 젖음/습기,흐림,교차로 - 교차로횡단보도내,승용,남,52세,상해없음,보행자,남,10세,경상
2055,2019072600100423,2019년 7월 26일 17시,금요일,강원도 속초시 장사동,부상신고사고,0,0,0,1,차대사람 - 보도통행중,기타,포장 - 건조,맑음,단일로 - 기타,화물,여,61세,상해없음,보행자,여,23세,부상신고
2056,2019072600100644,2019년 7월 26일 23시,금요일,강원도 철원군 서면,부상신고사고,0,0,0,1,차대사람 - 기타,안전운전불이행,포장 - 젖음/습기,비,주차장 - 주차장,승용,남,57세,상해없음,보행자,여,58세,부상신고
2057,2019072700100360,2019년 7월 27일 14시,토요일,강원도 춘천시 중앙로2가,부상신고사고,0,0,0,1,차대사람 - 기타,안전운전불이행,포장 - 건조,맑음,단일로 - 기타,승합,남,60세,상해없음,보행자,여,74세,부상신고
2058,2019072800100024,2019년 7월 28일 00시,일요일,강원도 홍천군 홍천읍,경상사고,0,0,1,0,차대사람 - 차도통행중,안전운전불이행,포장 - 건조,맑음,단일로 - 기타,승용,남,24세,상해없음,보행자,여,17세,경상
2059,2019072800100164,2019년 7월 28일 12시,일요일,강원도 원주시 문막읍,경상사고,0,0,1,0,차대사람 - 횡단중,보행자보호의무위반,포장 - 건조,맑음,단일로 - 기타,승용,남,47세,상해없음,보행자,남,81세,경상
2060,2019072800100411,2019년 7월 28일 22시,일요일,강원도 동해시 천곡동,경상사고,0,0,1,0,차대사람 - 기타,안전운전불이행,포장 - 젖음/습기,비,단일로 - 기타,승용,남,50세,상해없음,보행자,여,25세,경상
2061,2019072900100377,2019년 7월 29일 15시,월요일,강원도 영월군 영월읍,경상사고,0,0,1,0,차대사람 - 기타,안전운전불이행,포장 - 건조,맑음,단일로 - 지하차도(도로)내,승용,남,77세,상해없음,보행자,남,65세,경상
2062,2019072900100511,2019년 7월 29일 18시,월요일,강원도 원주시 개운동,중상사고,0,1,0,0,차대사람 - 횡단중,안전운전불이행,포장 - 건조,맑음,교차로 - 교차로안,승용,남,59세,상해없음,보행자,여,73세,중상
2063,2019072900100595,2019년 7월 29일 20시,월요일,강원도 강릉시 안현동,경상사고,0,0,1,0,차대사람 - 차도통행중,안전운전불이행,포장 - 건조,맑음,단일로 - 기타,승용,남,22세,상해없음,보행자,남,49세,경상
2064,2019073000100034,2019년 7월 30일 00시,화요일,강원도 동해시 천곡동,경상사고,0,0,1,0,차대사람 - 횡단중,신호위반,포장 - 건조,흐림,교차로 - 교차로부근,승용,남,58세,상해없음,보행자,남,24세,경상
2065,2019073000100384,2019년 7월 30일 15시,화요일,강원도 원주시 단계동,경상사고,0,0,1,0,차대사람 - 횡단중,보행자보호의무위반,포장 - 건조,맑음,단일로 - 기타,승용,남,44세,상해없음,보행자,여,26세,경상
2066,2019073000100562,2019년 7월 30일 19시,화요일,강원도 춘천시 우두동,경상사고,0,0,1,0,차대사람 - 기타,안전운전불이행,포장 - 건조,맑음,기타 - 기타,승용,남,54세,상해없음,보행자,여,69세,경상
2067,2019073000100625,2019년 7월 30일 21시,화요일,강원도 횡성군 갑천면,중상사고,0,1,1,0,차대사람 - 기타,안전운전불이행,포장 - 건조,맑음,주차장 - 주차장,승용,여,61세,상해없음,보행자,여,59세,중상
2068,2019073100100363,2019년 7월 31일 15시,수요일,강원도 춘천시 석사동,중상사고,0,1,0,0,차대사람 - 기타,안전운전불이행,포장 - 젖음/습기,비,교차로 - 교차로안,이륜,남,23세,상해없음,보행자,여,58세,중상
2069,2019073100100444,2019년 7월 31일 17시,수요일,강원도 강릉시 안현동,경상사고,0,0,1,0,차대사람 - 기타,안전운전불이행,포장 - 건조,맑음,교차로 - 교차로안,승용,남,35세,상해없음,보행자,남,61세,경상
2070,2019073100100568,2019년 7월 31일 20시,수요일,강원도 횡성군 둔내면,중상사고,0,1,0,0,차대사람 - 횡단중,안전운전불이행,포장 - 건조,맑음,단일로 - 기타,승용,남,25세,상해없음,보행자,여,79세,중상
2071,2019080100100095,2019년 8월 1일 06시,목요일,강원도 동해시 발한동,경상사고,0,0,1,0,차대사람 - 기타,안전운전불이행,포장 - 건조,맑음,단일로 - 지하차도(도로)내,이륜,남,78세,상해없음,보행자,여,70세,경상
2072,2019080100100202,2019년 8월 1일 10시,목요일,강원도 영월군 영월읍,경상사고,0,0,1,0,차대사람 - 기타,안전운전불이행,포장 - 건조,맑음,기타 - 기타,승용,남,62세,상해없음,보행자,여,60세,경상
2073,2019080100100277,2019년 8월 1일 12시,목요일,강원도 속초시 대포동,중상사고,0,1,0,0,차대사람 - 길가장자리구역통행중,안전운전불이행,포장 - 젖음/습기,맑음,주차장 - 주차장,화물,남,50세,상해없음,보행자,남,67세,중상
2074,2019080100100632,2019년 8월 1일 21시,목요일,강원도 속초시 청호동,경상사고,0,0,1,0,차대사람 - 횡단중,안전운전불이행,포장 - 건조,맑음,단일로 - 기타,승합,남,36세,상해없음,보행자,남,64세,경상
2075,2019080200100212,2019년 8월 2일 11시,금요일,강원도 강릉시 송정동,경상사고,0,0,1,0,차대사람 - 기타,안전운전불이행,포장 - 건조,맑음,단일로 - 기타,승용,남,58세,상해없음,보행자,여,33세,경상
2076,2019080200100378,2019년 8월 2일 15시,금요일,강원도 태백시 황지동,경상사고,0,0,1,0,차대사람 - 기타,안전운전불이행,포장 - 건조,맑음,단일로 - 기타,승용,남,44세,상해없음,보행자,여,55세,경상
2077,2019080200100528,2019년 8월 2일 18시,금요일,강원도 강릉시 교동,중상사고,0,1,0,0,차대사람 - 횡단중,중앙선침범,포장 - 건조,맑음,단일로 - 기타,원동기,남,30세,상해없음,보행자,여,53세,중상
2078,2019080200100529,2019년 8월 2일 18시,금요일,강원도 원주시 명륜동,경상사고,0,0,1,0,차대사람 - 횡단중,안전운전불이행,포장 - 건조,맑음,교차로 - 교차로횡단보도내,승용,남,39세,상해없음,보행자,여,69세,경상
2079,2019080200100531,2019년 8월 2일 18시,금요일,강원도 속초시 교동,중상사고,0,1,0,0,차대사람 - 길가장자리구역통행중,안전운전불이행,포장 - 건조,맑음,교차로 - 교차로안,승용,남,53세,상해없음,보행자,여,82세,중상
2080,2019080200100566,2019년 8월 2일 19시,금요일,강원도 홍천군 서면,경상사고,0,0,1,0,차대사람 - 기타,안전운전불이행,포장 - 건조,맑음,주차장 - 주차장,승용,남,23세,상해없음,보행자,남,23세,경상
2081,2019080200100568,2019년 8월 2일 19시,금요일,강원도 태백시 황지동,중상사고,0,1,0,0,차대사람 - 횡단중,안전운전불이행,포장 - 건조,맑음,단일로 - 기타,승용,여,36세,상해없음,보행자,남,74세,중상
2082,2019080200100637,2019년 8월 2일 21시,금요일,강원도 속초시 조양동,중상사고,0,1,0,0,차대사람 - 횡단중,안전운전불이행,포장 - 건조,맑음,기타 - 기타,승용,남,36세,상해없음,보행자,남,55세,중상
2083,2019080200100675,2019년 8월 2일 22시,금요일,강원도 삼척시 근덕면,경상사고,0,0,1,0,차대사람 - 기타,안전운전불이행,포장 - 건조,흐림,주차장 - 주차장,승용,여,61세,상해없음,보행자,여,26세,경상
2084,2019080400100207,2019년 8월 4일 12시,일요일,강원도 춘천시 신북읍,중상사고,0,1,0,0,차대사람 - 차도통행중,안전운전불이행,포장 - 건조,맑음,단일로 - 기타,승용,남,46세,상해없음,보행자,남,19세,중상
2085,2019080500100189,2019년 8월 5일 10시,월요일,강원도 원주시 중앙동,경상사고,0,0,1,0,차대사람 - 횡단중,보행자보호의무위반,포장 - 건조,맑음,단일로 - 기타,화물,남,60세,상해없음,보행자,여,75세,경상
2086,2019080500100520,2019년 8월 5일 18시,월요일,강원도 강릉시 교동,중상사고,0,1,0,0,차대사람 - 횡단중,보행자보호의무위반,포장 - 건조,맑음,교차로 - 교차로안,승용,여,55세,상해없음,보행자,여,70세,중상
2087,2019080500100521,2019년 8월 5일 18시,월요일,강원도 강릉시 안현동,경상사고,0,0,1,0,차대사람 - 횡단중,보행자보호의무위반,포장 - 건조,맑음,교차로 - 교차로횡단보도내,승용,남,30세,상해없음,보행자,여,10세,경상
2088,2019080500100525,2019년 8월 5일 18시,월요일,강원도 속초시 교동,경상사고,0,0,1,0,차대사람 - 횡단중,안전운전불이행,포장 - 건조,맑음,단일로 - 기타,승용,여,28세,상해없음,보행자,남,9세,경상
2089,2019080500100627,2019년 8월 5일 21시,월요일,강원도 화천군 상서면,사망사고,1,0,0,0,차대사람 - 횡단중,안전운전불이행,포장 - 건조,맑음,단일로 - 기타,승용,남,24세,상해없음,보행자,남,29세,사망
2090,2019080600100079,2019년 8월 6일 05시,화요일,강원도 속초시 중앙동,경상사고,0,0,1,0,차대사람 - 기타,안전운전불이행,포장 - 건조,맑음,단일로 - 지하차도(도로)내,승합,남,48세,상해없음,보행자,여,64세,경상
2091,2019080600100223,2019년 8월 6일 11시,화요일,강원도 강릉시 송정동,중상사고,0,1,0,0,차대사람 - 기타,안전운전불이행,포장 - 건조,맑음,주차장 - 주차장,승용,남,85세,상해없음,보행자,여,60세,중상
2092,2019080600100224,2019년 8월 6일 11시,화요일,강원도 양구군 해안면,경상사고,0,0,1,0,차대사람 - 기타,안전운전불이행,포장 - 건조,맑음,교차로 - 교차로부근,화물,남,61세,상해없음,보행자,남,52세,경상
2093,2019080600100294,2019년 8월 6일 13시,화요일,강원도 태백시 황지동,경상사고,0,0,1,0,차대사람 - 보도통행중,보행자보호의무위반,포장 - 건조,맑음,교차로 - 교차로안,승합,남,55세,상해없음,보행자,여,61세,경상
2094,2019080600100578,2019년 8월 6일 20시,화요일,강원도 고성군 죽왕면,경상사고,0,0,1,0,차대사람 - 길가장자리구역통행중,안전운전불이행,포장 - 건조,맑음,단일로 - 기타,승용,여,60세,상해없음,보행자,여,3세,경상
2095,2019080700100055,2019년 8월 7일 02시,수요일,강원도 태백시 황지동,경상사고,0,0,1,0,차대사람 - 차도통행중,안전운전불이행,포장 - 젖음/습기,비,단일로 - 기타,승용,남,51세,상해없음,보행자,남,49세,경상
2096,2019080700100379,2019년 8월 7일 15시,수요일,강원도 강릉시 성내동,중상사고,0,1,0,0,차대사람 - 횡단중,보행자보호의무위반,포장 - 건조,맑음,교차로 - 교차로횡단보도내,승용,남,33세,상해없음,보행자,여,83세,중상
2097,2019080700100642,2019년 8월 7일 22시,수요일,강원도 속초시 대포동,경상사고,0,0,1,0,차대사람 - 기타,안전운전불이행,포장 - 건조,맑음,단일로 - 기타,승용,남,41세,상해없음,보행자,남,38세,경상
2098,2019080800100113,2019년 8월 8일 08시,목요일,강원도 춘천시 석사동,중상사고,0,1,0,0,차대사람 - 횡단중,안전운전불이행,포장 - 건조,맑음,교차로 - 교차로부근,승용,여,58세,상해없음,보행자,여,80세,중상
2099,2019080800100279,2019년 8월 8일 12시,목요일,강원도 홍천군 서면,중상사고,0,1,0,0,차대사람 - 기타,안전운전불이행,포장 - 건조,맑음,단일로 - 기타,화물,남,54세,상해없음,보행자,여,53세,중상
2100,2019080800100341,2019년 8월 8일 14시,목요일,강원도 양양군 현북면,중상사고,0,1,0,0,차대사람 - 길가장자리구역통행중,안전운전불이행,포장 - 건조,맑음,단일로 - 지하차도(도로)내,화물,남,63세,상해없음,보행자,남,81세,중상
2101,2019080900100250,2019년 8월 9일 11시,금요일,강원도 횡성군 안흥면,중상사고,0,1,0,0,차대사람 - 기타,안전운전불이행,포장 - 건조,맑음,단일로 - 기타,승용,남,29세,상해없음,보행자,남,60세,중상
2102,2019080900100608,2019년 8월 9일 19시,금요일,강원도 춘천시 효자동,경상사고,0,0,1,0,차대사람 - 기타,안전운전불이행,포장 - 건조,맑음,단일로 - 기타,승용,남,58세,상해없음,보행자,남,49세,경상
2103,2019080900100609,2019년 8월 9일 19시,금요일,강원도 동해시 부곡동,중상사고,0,1,0,0,차대사람 - 횡단중,신호위반,포장 - 건조,맑음,교차로 - 교차로횡단보도내,특수,남,48세,상해없음,보행자,여,74세,중상
2104,2019080900100644,2019년 8월 9일 20시,금요일,강원도 춘천시 칠전동,중상사고,0,1,0,0,차대사람 - 기타,안전운전불이행,포장 - 건조,맑음,기타 - 기타,승용,여,41세,상해없음,보행자,남,40세,중상
2105,2019081000100154,2019년 8월 10일 08시,토요일,강원도 원주시 문막읍,경상사고,0,0,1,0,차대사람 - 횡단중,보행자보호의무위반,포장 - 건조,맑음,교차로 - 교차로횡단보도내,승용,남,77세,상해없음,보행자,여,48세,경상
2106,2019081000100279,2019년 8월 10일 11시,토요일,강원도 춘천시 후평동,중상사고,0,1,0,0,차대사람 - 차도통행중,안전운전불이행,포장 - 건조,맑음,단일로 - 기타,승용,남,50세,상해없음,보행자,여,58세,중상
2107,2019081000100281,2019년 8월 10일 11시,토요일,강원도 양양군 양양읍,경상사고,0,0,1,0,차대사람 - 길가장자리구역통행중,안전운전불이행,포장 - 건조,흐림,교차로 - 교차로부근,화물,남,69세,상해없음,보행자,여,60세,경상
2108,2019081000100630,2019년 8월 10일 21시,토요일,강원도 강릉시 안현동,중상사고,0,1,1,0,차대사람 - 보도통행중,보행자보호의무위반,포장 - 건조,맑음,교차로 - 교차로안,승합,남,43세,상해없음,보행자,남,27세,경상
2109,2019081000100632,2019년 8월 10일 21시,토요일,강원도 원주시 우산동,경상사고,0,0,1,0,차대사람 - 횡단중,기타,포장 - 건조,맑음,단일로 - 기타,개인형이동수단(PM),남,54세,상해없음,보행자,남,29세,경상
2110,2019081100100303,2019년 8월 11일 16시,일요일,강원도 춘천시 운교동,경상사고,0,0,1,0,차대사람 - 횡단중,안전운전불이행,포장 - 건조,맑음,교차로 - 교차로안,승용,여,61세,상해없음,보행자,여,41세,경상
2111,2019081200100147,2019년 8월 12일 08시,월요일,강원도 동해시 묵호진동,중상사고,0,1,0,0,차대사람 - 보도통행중,기타,포장 - 기타,안개,단일로 - 기타,승용,여,42세,상해없음,보행자,여,25세,중상
2112,2019081200100611,2019년 8월 12일 19시,월요일,강원도 영월군 영월읍,사망사고,1,0,0,0,차대사람 - 횡단중,보행자보호의무위반,포장 - 건조,맑음,단일로 - 기타,이륜,남,23세,상해없음,보행자,여,69세,사망
2113,2019081200100612,2019년 8월 12일 19시,월요일,강원도 태백시 황지동,경상사고,0,0,1,0,차대사람 - 기타,안전운전불이행,포장 - 건조,맑음,단일로 - 기타,승합,남,58세,기타불명,보행자,남,70세,경상
2114,2019081200100679,2019년 8월 12일 21시,월요일,강원도 삼척시 정상동,중상사고,0,1,0,0,차대사람 - 횡단중,보행자보호의무위반,포장 - 건조,흐림,교차로 - 교차로안,화물,남,51세,상해없음,보행자,여,55세,중상
2115,2019081200100717,2019년 8월 12일 23시,월요일,강원도 강릉시 강동면,중상사고,0,1,0,0,차대사람 - 길가장자리구역통행중,안전운전불이행,포장 - 건조,맑음,단일로 - 교량,승용,여,35세,상해없음,보행자,남,20세,중상
2116,2019081300100236,2019년 8월 13일 11시,화요일,강원도 강릉시 강동면,중상사고,0,2,0,0,차대사람 - 기타,안전운전불이행,포장 - 건조,맑음,단일로 - 터널,화물,남,44세,상해없음,보행자,남,24세,중상
2117,2019081300100607,2019년 8월 13일 20시,화요일,강원도 동해시 동회동,중상사고,0,1,1,0,차대사람 - 횡단중,안전운전불이행,포장 - 건조,맑음,교차로 - 교차로안,승용,남,37세,상해없음,보행자,여,55세,중상
2118,2019081400100088,2019년 8월 14일 05시,수요일,강원도 태백시 통동,중상사고,0,1,0,0,차대사람 - 보도통행중,기타,포장 - 건조,맑음,단일로 - 기타,화물,남,68세,상해없음,보행자,여,75세,중상
2119,2019081400100154,2019년 8월 14일 08시,수요일,강원도 원주시 일산동,중상사고,0,1,0,0,차대사람 - 기타,안전운전불이행,포장 - 건조,맑음,단일로 - 기타,승용,남,73세,상해없음,보행자,여,71세,중상
2120,2019081400100685,2019년 8월 14일 20시,수요일,강원도 삼척시 남양동,경상사고,0,0,1,0,차대사람 - 차도통행중,안전운전불이행,포장 - 건조,맑음,교차로 - 교차로안,승용,남,70세,상해없음,보행자,남,54세,경상
2121,2019081400100686,2019년 8월 14일 20시,수요일,강원도 정선군 정선읍,사망사고,1,0,0,0,차대사람 - 차도통행중,안전운전불이행,포장 - 건조,맑음,단일로 - 기타,승용,남,40세,상해없음,보행자,남,74세,사망
2122,2019081500100238,2019년 8월 15일 13시,목요일,강원도 화천군 사내면,중상사고,0,1,0,0,차대사람 - 횡단중,안전운전불이행,포장 - 젖음/습기,비,교차로 - 교차로안,화물,남,63세,상해없음,보행자,여,76세,중상
2123,2019081500100268,2019년 8월 15일 14시,목요일,강원도 원주시 개운동,중상사고,0,1,0,0,차대사람 - 차도통행중,안전운전불이행,포장 - 건조,흐림,단일로 - 기타,승용,남,73세,상해없음,보행자,여,64세,중상
2124,2019081500100270,2019년 8월 15일 14시,목요일,강원도 동해시 평릉동,중상사고,0,1,0,0,차대사람 - 길가장자리구역통행중,안전운전불이행,포장 - 젖음/습기,흐림,교차로 - 교차로안,승용,여,39세,상해없음,보행자,여,77세,중상
2125,2019081500100463,2019년 8월 15일 20시,목요일,강원도 원주시 명륜동,중상사고,0,1,0,0,차대사람 - 횡단중,보행자보호의무위반,포장 - 젖음/습기,비,교차로 - 교차로횡단보도내,승용,남,57세,상해없음,보행자,여,57세,중상
2126,2019081500100484,2019년 8월 15일 21시,목요일,강원도 강릉시 주문진읍,사망사고,1,0,0,0,차대사람 - 횡단중,안전운전불이행,포장 - 젖음/습기,비,단일로 - 기타,승용,남,52세,상해없음,보행자,남,62세,사망
2127,2019081500100485,2019년 8월 15일 21시,목요일,강원도 홍천군 홍천읍,중상사고,0,1,0,0,차대사람 - 기타,안전운전불이행,포장 - 젖음/습기,비,단일로 - 기타,승용,남,75세,상해없음,보행자,여,71세,중상
2128,2019081600100242,2019년 8월 16일 11시,금요일,강원도 속초시 교동,경상사고,0,0,1,0,차대사람 - 기타,안전운전불이행,포장 - 건조,맑음,주차장 - 주차장,승용,남,61세,상해없음,보행자,남,62세,경상
2129,2019081600100390,2019년 8월 16일 15시,금요일,강원도 원주시 원동,경상사고,0,0,1,0,차대사람 - 기타,기타,포장 - 건조,맑음,교차로 - 교차로안,승용,남,70세,상해없음,보행자,여,53세,경상
2130,2019081600100478,2019년 8월 16일 17시,금요일,강원도 홍천군 홍천읍,중상사고,0,1,0,0,차대사람 - 횡단중,보행자보호의무위반,포장 - 건조,맑음,교차로 - 교차로부근,화물,남,48세,상해없음,보행자,남,61세,중상
2131,2019081600100524,2019년 8월 16일 18시,금요일,강원도 홍천군 홍천읍,경상사고,0,0,1,0,차대사람 - 기타,안전운전불이행,포장 - 건조,맑음,단일로 - 기타,승용,남,55세,상해없음,보행자,남,44세,경상
2132,2019081600100614,2019년 8월 16일 20시,금요일,강원도 홍천군 홍천읍,중상사고,0,1,0,0,차대사람 - 횡단중,안전운전불이행,포장 - 건조,맑음,단일로 - 기타,화물,남,58세,상해없음,보행자,여,58세,중상
2133,2019081700100023,2019년 8월 17일 00시,토요일,강원도 강릉시 포남동,경상사고,0,0,1,0,차대사람 - 길가장자리구역통행중,안전운전불이행,포장 - 건조,맑음,단일로 - 기타,승용,남,23세,상해없음,보행자,남,48세,경상
2134,2019081700100074,2019년 8월 17일 04시,토요일,강원도 홍천군 서면,중상사고,0,1,0,0,차대사람 - 기타,안전운전불이행,포장 - 건조,맑음,단일로 - 기타,승용,남,34세,상해없음,보행자,남,47세,중상
2135,2019081700100193,2019년 8월 17일 11시,토요일,강원도 춘천시 후평동,경상사고,0,0,1,0,차대사람 - 횡단중,보행자보호의무위반,포장 - 건조,맑음,교차로 - 교차로안,승합,남,54세,상해없음,보행자,여,74세,경상
2136,2019081700100276,2019년 8월 17일 13시,토요일,강원도 속초시 교동,중상사고,0,1,0,0,차대사람 - 차도통행중,안전운전불이행,포장 - 건조,맑음,기타 - 기타,화물,남,53세,상해없음,보행자,남,11세,중상
2137,2019081700100447,2019년 8월 17일 17시,토요일,강원도 홍천군 홍천읍,경상사고,0,0,1,0,차대사람 - 횡단중,신호위반,포장 - 건조,맑음,교차로 - 교차로횡단보도내,승용,남,19세,상해없음,보행자,남,56세,경상
2138,2019081700100489,2019년 8월 17일 18시,토요일,강원도 강릉시 주문진읍,중상사고,0,1,0,0,차대사람 - 길가장자리구역통행중,안전운전불이행,포장 - 건조,맑음,기타 - 기타,승용,남,68세,상해없음,보행자,여,79세,중상
2139,2019081800100203,2019년 8월 18일 13시,일요일,강원도 강릉시 주문진읍,경상사고,0,0,1,0,차대사람 - 횡단중,안전운전불이행,포장 - 건조,맑음,단일로 - 기타,승용,남,70세,상해없음,보행자,남,7세,경상
2140,2019081900100125,2019년 8월 19일 08시,월요일,강원도 강릉시 포남동,중상사고,0,1,0,0,차대사람 - 횡단중,안전운전불이행,포장 - 건조,맑음,단일로 - 기타,승용,여,60세,상해없음,보행자,남,82세,중상
2141,2019081900100128,2019년 8월 19일 08시,월요일,강원도 양구군 양구읍,경상사고,0,0,1,0,차대사람 - 기타,안전운전불이행,포장 - 건조,맑음,교차로 - 교차로부근,승용,여,34세,상해없음,보행자,남,19세,경상
2142,2019081900100199,2019년 8월 19일 10시,월요일,강원도 강릉시 포남동,경상사고,0,0,1,0,차대사람 - 기타,안전운전불이행,포장 - 건조,맑음,단일로 - 기타,승용,남,77세,상해없음,보행자,남,45세,경상
2143,2019081900100515,2019년 8월 19일 19시,월요일,강원도 강릉시 교동,경상사고,0,0,1,0,차대사람 - 횡단중,안전운전불이행,포장 - 건조,맑음,단일로 - 기타,승용,남,42세,상해없음,보행자,남,21세,경상
2144,2019081900100544,2019년 8월 19일 20시,월요일,강원도 속초시 교동,중상사고,0,1,0,0,차대사람 - 횡단중,보행자보호의무위반,포장 - 건조,맑음,교차로 - 교차로횡단보도내,승용,남,66세,상해없음,보행자,남,49세,중상
2145,2019082000100166,2019년 8월 20일 09시,화요일,강원도 삼척시 남양동,경상사고,0,0,1,0,차대사람 - 횡단중,안전운전불이행,포장 - 건조,맑음,교차로 - 교차로횡단보도내,승용,남,34세,상해없음,보행자,여,78세,경상
2146,2019082000100203,2019년 8월 20일 10시,화요일,강원도 삼척시 남양동,경상사고,0,0,1,0,차대사람 - 차도통행중,안전운전불이행,포장 - 건조,맑음,단일로 - 지하차도(도로)내,원동기,남,50세,상해없음,보행자,여,57세,경상
2147,2019082000100337,2019년 8월 20일 14시,화요일,강원도 삼척시 남양동,경상사고,0,0,1,0,차대사람 - 길가장자리구역통행중,안전운전불이행,포장 - 건조,맑음,단일로 - 지하차도(도로)내,승용,남,34세,상해없음,보행자,여,74세,경상
2148,2019082100100502,2019년 8월 21일 18시,수요일,강원도 강릉시 성남동,경상사고,0,0,1,0,차대사람 - 기타,안전운전불이행,포장 - 건조,맑음,단일로 - 기타,승용,여,50세,상해없음,보행자,여,38세,경상
2149,2019082100100635,2019년 8월 21일 21시,수요일,강원도 강릉시 교동,중상사고,0,1,0,0,차대사람 - 횡단중,안전운전불이행,포장 - 건조,맑음,교차로 - 교차로안,승용,남,60세,상해없음,보행자,여,52세,중상
2150,2019082100100636,2019년 8월 21일 21시,수요일,강원도 원주시 우산동,경상사고,0,0,1,0,차대사람 - 차도통행중,안전운전불이행,포장 - 건조,맑음,단일로 - 기타,승용,여,57세,상해없음,보행자,여,25세,경상
2151,2019082200100087,2019년 8월 22일 05시,목요일,강원도 춘천시 우두동,경상사고,0,0,1,0,차대사람 - 기타,안전운전불이행,포장 - 건조,맑음,주차장 - 주차장,승용,남,29세,상해없음,보행자,남,29세,경상
2152,2019082200100523,2019년 8월 22일 18시,목요일,강원도 속초시 장사동,사망사고,1,0,0,0,차대사람 - 차도통행중,안전운전불이행,포장 - 건조,맑음,기타 - 기타,승용,남,68세,상해없음,보행자,여,58세,사망
2153,2019082300100220,2019년 8월 23일 10시,금요일,강원도 화천군 사내면,경상사고,0,0,1,0,차대사람 - 기타,안전운전불이행,포장 - 건조,맑음,기타 - 기타,승용,남,75세,상해없음,보행자,남,87세,경상