,사고번호,사고일시,요일,시군구,사고내용,사망자수,중상자수,경상자수,부상신고자수,사고유형,법규위반,노면상태,기상상태,도로형태,가해운전자 차종,가해운전자 성별,가해운전자 연령,가해운전자 상해정도,피해운전자 차종,피해운전자 성별,피해운전자 연령,피해운전자 상해정도
3054,2020050100100200,2020년 5월 1일 12시,금요일,강원도 원주시 중앙동,경상사고,0,0,1,0,차대사람 - 기타,안전운전불이행,포장 - 건조,맑음,단일로 - 기타,화물,남,86세,상해없음,보행자,여,37세,경상
3055,2020050200100130,2020년 5월 2일 10시,토요일,강원도 동해시 묵호진동,경상사고,0,0,1,0,차대사람 - 차도통행중,안전운전불이행,포장 - 건조,맑음,교차로 - 교차로안,승용,남,70세,상해없음,보행자,여,29세,경상
3056,2020050200100284,2020년 5월 2일 14시,토요일,강원도 강릉시 강문동,중상사고,0,1,0,0,차대사람 - 기타,안전운전불이행,포장 - 기타,맑음,단일로 - 기타,자전거,남,40세,상해없음,보행자,남,7세,중상
3057,2020050200100320,2020년 5월 2일 15시,토요일,강원도 원주시 단계동,중상사고,0,1,0,0,차대사람 - 기타,안전운전불이행,포장 - 건조,흐림,주차장 - 주차장,승용,여,58세,상해없음,보행자,남,24세,중상
3058,2020050200100444,2020년 5월 2일 19시,토요일,강원도 춘천시 옥천동,경상사고,0,0,1,0,차대사람 - 횡단중,안전운전불이행,포장 - 건조,맑음,단일로 - 기타,이륜,남,34세,상해없음,보행자,여,15세,경상
3059,2020050200100469,2020년 5월 2일 20시,토요일,강원도 강릉시 주문진읍,중상사고,0,1,0,0,차대사람 - 횡단중,보행자보호의무위반,포장 - 건조,맑음,교차로 - 교차로횡단보도내,승용,여,34세,상해없음,보행자,여,49세,중상
3060,2020050300100149,2020년 5월 3일 12시,일요일,강원도 원주시 태장동,경상사고,0,0,1,0,차대사람 - 횡단중,교차로운행방법위반,포장 - 건조,맑음,단일로 - 기타,승용,여,53세,상해없음,보행자,여,23세,경상
3061,2020050300100414,2020년 5월 3일 22시,일요일,강원도 원주시 단계동,경상사고,0,0,1,0,차대사람 - 보도통행중,보행자보호의무위반,포장 - 건조,맑음,교차로 - 교차로횡단보도내,승용,남,30세,상해없음,보행자,남,64세,경상
3062,2020050400100351,2020년 5월 4일 15시,월요일,강원도 고성군 죽왕면,부상신고사고,0,0,0,1,차대사람 - 기타,안전운전불이행,포장 - 건조,기타,단일로 - 기타,승용,남,59세,상해없음,보행자,남,37세,부상신고
3063,2020050500100199,2020년 5월 5일 14시,화요일,강원도 강릉시 주문진읍,중상사고,0,1,0,0,차대사람 - 횡단중,기타,포장 - 건조,맑음,단일로 - 기타,승용,남,64세,상해없음,보행자,남,5세,중상
3064,2020050500100279,2020년 5월 5일 17시,화요일,강원도 원주시 관설동,경상사고,0,0,1,0,차대사람 - 횡단중,안전운전불이행,포장 - 건조,맑음,교차로 - 교차로안,승용,남,40세,상해없음,보행자,여,20세,경상
3065,2020050600100040,2020년 5월 6일 06시,수요일,강원도 영월군 남면,중상사고,0,1,0,0,차대사람 - 길가장자리구역통행중,안전운전불이행,포장 - 건조,맑음,단일로 - 교량,건설기계,남,60세,상해없음,보행자,남,65세,중상
3066,2020050600100158,2020년 5월 6일 10시,수요일,강원도 강릉시 주문진읍,경상사고,0,0,1,0,차대사람 - 횡단중,보행자보호의무위반,포장 - 건조,맑음,교차로 - 교차로안,승용,남,42세,상해없음,보행자,남,78세,경상
3067,2020050600100228,2020년 5월 6일 12시,수요일,강원도 홍천군 홍천읍,중상사고,0,1,0,0,차대사람 - 보도통행중,안전운전불이행,포장 - 건조,맑음,단일로 - 지하차도(도로)내,승용,여,46세,상해없음,보행자,남,6세,중상
3068,2020050600100271,2020년 5월 6일 13시,수요일,강원도 강릉시 옥천동,중상사고,0,1,0,0,차대사람 - 횡단중,보행자보호의무위반,포장 - 건조,맑음,교차로 - 교차로횡단보도내,원동기,남,41세,상해없음,보행자,남,55세,중상
3069,2020050600100402,2020년 5월 6일 16시,수요일,강원도 강릉시 교동,중상사고,0,1,0,0,차대사람 - 횡단중,보행자보호의무위반,포장 - 건조,맑음,교차로 - 교차로횡단보도내,화물,남,63세,상해없음,보행자,남,60세,중상
3070,2020050600100621,2020년 5월 6일 21시,수요일,강원도 춘천시 동내면,경상사고,0,0,1,0,차대사람 - 횡단중,보행자보호의무위반,포장 - 건조,맑음,교차로 - 교차로횡단보도내,승용,남,29세,상해없음,보행자,여,28세,경상
3071,2020050700100315,2020년 5월 7일 13시,목요일,강원도 강릉시 구정면,중상사고,0,1,0,0,차대사람 - 기타,안전운전불이행,포장 - 건조,맑음,주차장 - 주차장,승용,남,21세,상해없음,보행자,여,87세,중상
3072,2020050700100393,2020년 5월 7일 15시,목요일,강원도 원주시 명륜동,중상사고,0,1,0,0,차대사람 - 차도통행중,보행자보호의무위반,포장 - 건조,맑음,단일로 - 기타,승용,남,44세,상해없음,보행자,남,9세,중상
3073,2020050800100447,2020년 5월 8일 18시,금요일,강원도 춘천시 퇴계동,경상사고,0,0,1,0,차대사람 - 횡단중,안전운전불이행,포장 - 건조,맑음,단일로 - 기타,승용,남,74세,상해없음,보행자,남,21세,경상
3074,2020050800100588,2020년 5월 8일 20시,금요일,강원도 영월군 주천면,경상사고,0,0,1,0,차대사람 - 차도통행중,안전운전불이행,포장 - 건조,흐림,단일로 - 지하차도(도로)내,승용,남,66세,상해없음,보행자,남,79세,경상
3075,2020050900100573,2020년 5월 9일 22시,토요일,강원도 춘천시 효자동,경상사고,0,0,1,0,차대사람 - 기타,안전운전불이행,포장 - 젖음/습기,흐림,단일로 - 기타,승용,남,21세,상해없음,보행자,남,51세,경상
3076,2020051000100216,2020년 5월 10일 15시,일요일,강원도 동해시 나안동,중상사고,0,1,0,0,차대사람 - 길가장자리구역통행중,안전운전불이행,포장 - 건조,맑음,단일로 - 기타,자전거,남,15세,상해없음,보행자,남,46세,중상
3077,2020051100100151,2020년 5월 11일 09시,월요일,강원도 춘천시 석사동,경상사고,0,0,1,0,차대사람 - 횡단중,안전운전불이행,포장 - 건조,맑음,교차로 - 교차로횡단보도내,화물,남,57세,상해없음,보행자,남,32세,경상
3078,2020051100100152,2020년 5월 11일 09시,월요일,강원도 삼척시 성북동,중상사고,0,1,0,0,차대사람 - 횡단중,안전운전불이행,포장 - 건조,맑음,단일로 - 기타,승용,여,59세,상해없음,보행자,여,72세,중상
3079,2020051100100310,2020년 5월 11일 13시,월요일,강원도 횡성군 횡성읍,중상사고,0,1,0,0,차대사람 - 기타,안전운전불이행,포장 - 건조,맑음,주차장 - 주차장,승용,남,70세,상해없음,보행자,여,84세,중상
3080,2020051100100401,2020년 5월 11일 15시,월요일,강원도 춘천시 소양로1가,경상사고,0,0,1,0,차대사람 - 기타,기타,포장 - 건조,맑음,단일로 - 기타,승용,남,71세,상해없음,보행자,여,33세,경상
3081,2020051100100403,2020년 5월 11일 15시,월요일,강원도 삼척시 남양동,중상사고,0,1,0,0,차대사람 - 차도통행중,안전운전불이행,포장 - 건조,맑음,단일로 - 기타,화물,여,58세,상해없음,보행자,여,74세,중상
3082,2020051200100220,2020년 5월 12일 11시,화요일,강원도 강릉시 성산면,중상사고,0,1,0,0,차대사람 - 기타,안전운전불이행,포장 - 건조,맑음,기타 - 기타,승용,여,50세,상해없음,보행자,남,5세,중상
3083,2020051300100021,2020년 5월 13일 01시,수요일,강원도 춘천시 석사동,경상사고,0,0,1,0,차대사람 - 기타,안전운전불이행,포장 - 건조,맑음,단일로 - 기타,기타불명,기타불명,미분류,기타불명,보행자,여,20세,경상
3084,2020051300100153,2020년 5월 13일 09시,수요일,강원도 춘천시 죽림동,중상사고,0,1,0,0,차대사람 - 횡단중,안전운전불이행,포장 - 건조,맑음,단일로 - 기타,승용,여,44세,상해없음,보행자,여,49세,중상
3085,2020051300100223,2020년 5월 13일 11시,수요일,강원도 홍천군 홍천읍,중상사고,0,1,0,0,차대사람 - 차도통행중,보행자보호의무위반,포장 - 건조,맑음,단일로 - 지하차도(도로)내,승용,남,61세,상해없음,보행자,여,76세,중상
3086,2020051300100319,2020년 5월 13일 14시,수요일,강원도 춘천시 효자동,중상사고,0,1,0,0,차대사람 - 횡단중,신호위반,포장 - 건조,맑음,교차로 - 교차로횡단보도내,화물,남,56세,상해없음,보행자,남,81세,중상
3087,2020051300100320,2020년 5월 13일 14시,수요일,강원도 강릉시 포남동,중상사고,0,1,0,0,차대사람 - 차도통행중,안전운전불이행,포장 - 건조,맑음,단일로 - 기타,승용,남,81세,상해없음,보행자,여,61세,중상
3088,2020051300100609,2020년 5월 13일 21시,수요일,강원도 강릉시 주문진읍,경상사고,0,0,1,0,차대사람 - 기타,안전운전불이행,포장 - 건조,맑음,주차장 - 주차장,승용,남,25세,상해없음,보행자,여,68세,경상
3089,2020051300100626,2020년 5월 13일 22시,수요일,강원도 홍천군 홍천읍,중상사고,0,1,0,0,차대사람 - 횡단중,안전운전불이행,포장 - 건조,맑음,단일로 - 지하차도(도로)내,승합,남,40세,상해없음,보행자,남,63세,중상
3090,2020051300100642,2020년 5월 13일 23시,수요일,강원도 동해시 천곡동,중상사고,0,1,0,0,차대사람 - 길가장자리구역통행중,안전운전불이행,포장 - 건조,맑음,단일로 - 기타,승용,남,44세,상해없음,보행자,남,41세,중상
3091,2020051400100150,2020년 5월 14일 10시,목요일,강원도 춘천시 후평동,중상사고,0,1,0,0,차대사람 - 기타,안전운전불이행,포장 - 건조,맑음,단일로 - 기타,승용,여,54세,상해없음,보행자,여,85세,중상
3092,2020051400100340,2020년 5월 14일 15시,목요일,강원도 동해시 천곡동,경상사고,0,0,1,0,차대사람 - 보도통행중,기타,포장 - 건조,맑음,단일로 - 기타,이륜,남,28세,상해없음,보행자,남,6세,경상
3093,2020051400100505,2020년 5월 14일 19시,목요일,강원도 원주시 단계동,경상사고,0,0,1,0,차대사람 - 횡단중,보행자보호의무위반,포장 - 건조,맑음,교차로 - 교차로횡단보도내,승용,남,57세,상해없음,보행자,남,34세,경상
3094,2020051400100596,2020년 5월 14일 22시,목요일,강원도 원주시 단계동,중상사고,0,1,0,0,차대사람 - 횡단중,신호위반,포장 - 건조,맑음,교차로 - 교차로횡단보도내,승용,남,59세,상해없음,보행자,남,59세,중상
3095,2020051500100045,2020년 5월 15일 03시,금요일,강원도 화천군 화천읍,사망사고,1,0,0,0,차대사람 - 길가장자리구역통행중,안전운전불이행,포장 - 건조,맑음,단일로 - 기타,화물,남,62세,상해없음,보행자,남,48세,사망
3096,2020051500100460,2020년 5월 15일 18시,금요일,강원도 삼척시 남양동,중상사고,0,1,0,0,차대사람 - 횡단중,안전운전불이행,포장 - 건조,맑음,교차로 - 교차로횡단보도내,승용,남,44세,상해없음,보행자,남,27세,중상
3097,2020051500100544,2020년 5월 15일 20시,금요일,강원도 원주시 태장동,사망사고,1,0,0,0,차대사람 - 횡단중,보행자보호의무위반,포장 - 젖음/습기,비,단일로 - 기타,승합,남,69세,상해없음,보행자,남,63세,사망
3098,2020051600100126,2020년 5월 16일 09시,토요일,강원도 속초시 조양동,경상사고,0,0,1,0,차대사람 - 횡단중,안전운전불이행,포장 - 건조,맑음,교차로 - 교차로부근,승용,여,74세,상해없음,보행자,여,57세,경상
3099,2020051600100179,2020년 5월 16일 11시,토요일,강원도 강릉시 명주동,경상사고,0,0,1,0,차대사람 - 횡단중,보행자보호의무위반,포장 - 건조,맑음,교차로 - 교차로부근,승용,남,56세,상해없음,보행자,여,27세,경상
3100,2020051600100217,2020년 5월 16일 12시,토요일,강원도 원주시 개운동,중상사고,0,1,0,0,차대사람 - 횡단중,안전운전불이행,포장 - 건조,맑음,교차로 - 교차로안,화물,남,56세,상해없음,보행자,남,70세,중상
3101,2020051700100036,2020년 5월 17일 02시,일요일,강원도 원주시 무실동,경상사고,0,0,1,0,차대사람 - 차도통행중,안전운전불이행,포장 - 건조,맑음,단일로 - 기타,승용,남,69세,상해없음,보행자,남,21세,경상
3102,2020051700100250,2020년 5월 17일 15시,일요일,강원도 원주시 학성동,경상사고,0,0,1,0,차대사람 - 횡단중,보행자보호의무위반,포장 - 건조,맑음,교차로 - 교차로횡단보도내,승용,남,84세,상해없음,보행자,여,19세,경상
3103,2020051800100294,2020년 5월 18일 14시,월요일,강원도 정선군 정선읍,중상사고,0,1,0,0,차대사람 - 기타,안전운전불이행,포장 - 건조,맑음,주차장 - 주차장,승용,남,64세,상해없음,보행자,여,77세,중상
3104,2020051800100431,2020년 5월 18일 17시,월요일,강원도 춘천시 석사동,경상사고,0,0,1,0,차대사람 - 횡단중,보행자보호의무위반,포장 - 젖음/습기,비,교차로 - 교차로횡단보도내,승용,여,28세,상해없음,보행자,여,51세,경상
3105,2020051900100194,2020년 5월 19일 12시,화요일,강원도 강릉시 옥천동,중상사고,0,1,0,0,차대사람 - 횡단중,보행자보호의무위반,포장 - 젖음/습기,비,단일로 - 기타,승용,여,45세,상해없음,보행자,남,61세,중상
3106,2020051900100420,2020년 5월 19일 18시,화요일,강원도 춘천시 효자동,경상사고,0,0,1,0,차대사람 - 보도통행중,기타,포장 - 건조,맑음,단일로 - 기타,기타불명,기타불명,미분류,기타불명,보행자,여,25세,경상
3107,2020051900100541,2020년 5월 19일 22시,화요일,강원도 강릉시 포남동,중상사고,0,1,0,0,차대사람 - 횡단중,안전운전불이행,포장 - 젖음/습기,흐림,교차로 - 교차로안,승용,남,26세,상해없음,보행자,남,59세,중상
3108,2020052000100348,2020년 5월 20일 14시,수요일,강원도 춘천시 칠전동,중상사고,0,1,0,0,차대사람 - 기타,안전운전불이행,포장 - 건조,맑음,단일로 - 기타,승용,남,50세,상해없음,보행자,남,7세,중상
3109,2020052000100539,2020년 5월 20일 18시,수요일,강원도 화천군 화천읍,경상사고,0,0,1,0,차대사람 - 차도통행중,안전운전불이행,포장 - 건조,맑음,교차로 - 교차로안,자전거,남,16세,상해없음,보행자,여,44세,경상
3110,2020052100100314,2020년 5월 21일 14시,목요일,강원도 원주시 명륜동,경상사고,0,0,1,0,차대사람 - 횡단중,안전운전불이행,포장 - 건조,맑음,교차로 - 교차로안,승용,남,31세,상해없음,보행자,여,27세,경상
3111,2020052100100350,2020년 5월 21일 15시,목요일,강원도 춘천시 칠전동,경상사고,0,0,1,0,차대사람 - 횡단중,신호위반,포장 - 건조,맑음,교차로 - 교차로횡단보도내,승용,남,56세,상해없음,보행자,여,6세,경상
3112,2020052200100096,2020년 5월 22일 08시,금요일,강원도 춘천시 조양동,경상사고,0,0,1,0,차대사람 - 길가장자리구역통행중,안전운전불이행,포장 - 건조,맑음,단일로 - 기타,기타불명,기타불명,미분류,기타불명,보행자,여,70세,경상
3113,2020052200100136,2020년 5월 22일 09시,금요일,강원도 강릉시 성남동,중상사고,0,1,0,0,차대사람 - 차도통행중,안전운전불이행,포장 - 기타,맑음,기타 - 기타,자전거,남,78세,상해없음,보행자,여,89세,중상
3114,2020052200100271,2020년 5월 22일 13시,금요일,강원도 삼척시 근덕면,경상사고,0,0,1,0,차대사람 - 기타,안전운전불이행,포장 - 건조,맑음,주차장 - 주차장,승용,남,79세,상해없음,보행자,남,55세,경상
3115,2020052200100355,2020년 5월 22일 15시,금요일,강원도 철원군 동송읍,경상사고,0,0,1,0,차대사람 - 횡단중,보행자보호의무위반,포장 - 건조,맑음,단일로 - 기타,승용,여,40세,상해없음,보행자,여,7세,경상
3116,2020052200100555,2020년 5월 22일 19시,금요일,강원도 춘천시 후평동,경상사고,0,0,1,0,차대사람 - 기타,안전운전불이행,포장 - 젖음/습기,비,교차로 - 교차로부근,승용,남,46세,상해없음,보행자,여,20세,경상
3117,2020052200100556,2020년 5월 22일 19시,금요일,강원도 강릉시 입암동,경상사고,0,0,1,0,차대사람 - 횡단중,안전운전불이행,포장 - 젖음/습기,비,교차로 - 교차로부근,원동기,남,17세,상해없음,보행자,남,50세,경상
3118,2020052200100557,2020년 5월 22일 19시,금요일,강원도 강릉시 포남동,사망사고,1,0,0,0,차대사람 - 횡단중,안전운전불이행,포장 - 젖음/습기,비,기타 - 기타,승용,여,51세,상해없음,보행자,여,59세,사망
3119,2020052300100010,2020년 5월 23일 00시,토요일,강원도 춘천시 석사동,경상사고,0,0,1,0,차대사람 - 기타,안전운전불이행,포장 - 건조,맑음,단일로 - 기타,승용,남,77세,상해없음,보행자,여,27세,경상
3120,2020052300100176,2020년 5월 23일 11시,토요일,강원도 속초시 교동,중상사고,0,1,0,0,차대사람 - 기타,안전운전불이행,포장 - 건조,맑음,단일로 - 기타,승용,여,70세,상해없음,보행자,남,44세,중상
3121,2020052300100230,2020년 5월 23일 12시,토요일,강원도 원주시 중앙동,경상사고,0,0,1,0,차대사람 - 차도통행중,안전운전불이행,포장 - 건조,맑음,단일로 - 기타,승용,여,51세,상해없음,보행자,남,59세,경상
3122,2020052300100358,2020년 5월 23일 15시,토요일,강원도 원주시 단구동,경상사고,0,0,1,0,차대사람 - 횡단중,보행자보호의무위반,포장 - 기타,맑음,교차로 - 교차로횡단보도내,승용,남,47세,상해없음,보행자,남,26세,경상
3123,2020052300100557,2020년 5월 23일 21시,토요일,강원도 춘천시 후평동,경상사고,0,0,2,0,차대사람 - 횡단중,안전운전불이행,포장 - 건조,맑음,교차로 - 교차로부근,승용,남,27세,상해없음,보행자,여,15세,경상
3124,2020052400100129,2020년 5월 24일 10시,일요일,강원도 양양군 양양읍,중상사고,0,2,0,0,차대사람 - 길가장자리구역통행중,안전운전불이행,포장 - 건조,맑음,교차로 - 교차로부근,화물,여,66세,상해없음,보행자,남,60세,중상
3125,2020052400100203,2020년 5월 24일 13시,일요일,강원도 춘천시 교동,부상신고사고,0,0,0,1,차대사람 - 길가장자리구역통행중,안전운전불이행,포장 - 건조,맑음,교차로 - 교차로안,승용,남,49세,상해없음,보행자,남,43세,부상신고
3126,2020052400100383,2020년 5월 24일 19시,일요일,강원도 동해시 평릉동,중상사고,0,1,0,0,차대사람 - 횡단중,과속,포장 - 건조,맑음,단일로 - 기타,승용,남,60세,상해없음,보행자,여,5세,중상
3127,2020052500100294,2020년 5월 25일 14시,월요일,강원도 태백시 황지동,경상사고,0,0,1,0,차대사람 - 기타,안전운전불이행,포장 - 건조,맑음,주차장 - 주차장,승용,남,56세,상해없음,보행자,남,6세,경상
3128,2020052700100571,2020년 5월 27일 19시,수요일,강원도 춘천시 퇴계동,경상사고,0,0,1,0,차대사람 - 기타,안전운전불이행,포장 - 건조,맑음,단일로 - 기타,승용,여,50세,상해없음,보행자,남,7세,경상
3129,2020052700100572,2020년 5월 27일 19시,수요일,강원도 원주시 단계동,중상사고,0,1,0,0,차대사람 - 차도통행중,안전운전불이행,포장 - 건조,맑음,단일로 - 기타,승용,여,64세,상해없음,보행자,여,56세,중상
3130,2020052700100635,2020년 5월 27일 21시,수요일,강원도 영월군 영월읍,경상사고,0,0,1,0,차대사람 - 차도통행중,안전운전불이행,포장 - 건조,맑음,단일로 - 지하차도(도로)내,승용,남,49세,상해없음,보행자,남,47세,경상
3131,2020052800100024,2020년 5월 28일 02시,목요일,강원도 홍천군 내촌면,중상사고,0,1,0,0,차대사람 - 보도통행중,안전운전불이행,포장 - 건조,맑음,주차장 - 주차장,화물,남,64세,상해없음,보행자,여,60세,중상
3132,2020052800100144,2020년 5월 28일 09시,목요일,강원도 홍천군 북방면,중상사고,0,1,0,0,차대사람 - 기타,과속,포장 - 건조,맑음,단일로 - 교량,승용,남,55세,상해없음,보행자,남,51세,중상
3133,2020052900100055,2020년 5월 29일 06시,금요일,강원도 원주시 평원동,경상사고,0,0,1,0,차대사람 - 차도통행중,보행자보호의무위반,포장 - 건조,맑음,단일로 - 기타,승용,남,65세,상해없음,보행자,여,60세,경상
3134,2020052900100072,2020년 5월 29일 07시,금요일,강원도 홍천군 남면,중상사고,0,1,0,0,차대사람 - 길가장자리구역통행중,안전운전불이행,포장 - 건조,맑음,교차로 - 교차로안,승용,여,57세,상해없음,보행자,여,18세,중상
3135,2020052900100120,2020년 5월 29일 08시,금요일,강원도 양양군 양양읍,경상사고,0,0,1,0,차대사람 - 횡단중,안전운전불이행,포장 - 건조,맑음,교차로 - 교차로부근,승용,남,53세,상해없음,보행자,여,77세,경상
3136,2020052900100249,2020년 5월 29일 11시,금요일,강원도 강릉시 성남동,경상사고,0,0,1,0,차대사람 - 차도통행중,안전운전불이행,포장 - 건조,맑음,단일로 - 기타,화물,남,72세,상해없음,보행자,여,70세,경상
3137,2020052900100250,2020년 5월 29일 11시,금요일,강원도 삼척시 근덕면,경상사고,0,0,1,0,차대사람 - 기타,안전운전불이행,포장 - 건조,맑음,단일로 - 기타,화물,남,47세,상해없음,보행자,남,64세,경상
3138,2020052900100349,2020년 5월 29일 14시,금요일,강원도 원주시 소초면,중상사고,0,1,0,0,차대사람 - 기타,안전운전불이행,포장 - 건조,맑음,단일로 - 기타,승용,남,61세,상해없음,보행자,남,78세,중상
3139,2020052900100435,2020년 5월 29일 16시,금요일,강원도 춘천시 소양로3가,경상사고,0,0,1,0,차대사람 - 횡단중,신호위반,포장 - 건조,맑음,교차로 - 교차로횡단보도내,승용,남,74세,상해없음,보행자,남,64세,경상
3140,2020052900100628,2020년 5월 29일 20시,금요일,강원도 원주시 단계동,경상사고,0,0,1,0,차대사람 - 기타,안전운전불이행,포장 - 건조,맑음,교차로 - 교차로안,승용,남,76세,상해없음,보행자,남,28세,경상
3141,2020052900100673,2020년 5월 29일 21시,금요일,강원도 강릉시 홍제동,경상사고,0,0,1,0,차대사람 - 길가장자리구역통행중,안전운전불이행,포장 - 건조,맑음,단일로 - 기타,승용,여,22세,상해없음,보행자,남,20세,경상
3142,2020053000100045,2020년 5월 30일 02시,토요일,강원도 춘천시 효자동,경상사고,0,0,1,0,차대사람 - 기타,안전운전불이행,포장 - 건조,맑음,단일로 - 기타,승용,남,22세,상해없음,보행자,남,21세,경상
3143,2020053000100268,2020년 5월 30일 12시,토요일,강원도 삼척시 근덕면,중상사고,0,1,0,0,차대사람 - 기타,안전운전불이행,포장 - 건조,맑음,단일로 - 기타,화물,남,55세,상해없음,보행자,남,68세,중상
3144,2020053000100573,2020년 5월 30일 20시,토요일,강원도 강릉시 내곡동,중상사고,0,1,0,0,차대사람 - 횡단중,보행자보호의무위반,포장 - 건조,맑음,교차로 - 교차로횡단보도내,승용,남,58세,상해없음,보행자,남,24세,중상
3145,2020053100100108,2020년 5월 31일 10시,일요일,강원도 고성군 현내면,중상사고,0,1,0,0,차대사람 - 횡단중,과속,포장 - 건조,맑음,기타 - 기타,승합,남,71세,상해없음,보행자,여,11세,중상
3146,2020060100100097,2020년 6월 1일 08시,월요일,강원도 속초시 청호동,중상사고,0,1,1,0,차대사람 - 횡단중,안전운전불이행,포장 - 건조,맑음,교차로 - 교차로횡단보도내,승용,여,29세,상해없음,보행자,여,45세,중상
3147,2020060100100215,2020년 6월 1일 11시,월요일,강원도 원주시 단구동,중상사고,0,1,0,0,차대사람 - 횡단중,보행자보호의무위반,포장 - 건조,맑음,교차로 - 교차로횡단보도내,승합,남,59세,상해없음,보행자,여,73세,중상
3148,2020060100100254,2020년 6월 1일 12시,월요일,강원도 원주시 단구동,중상사고,0,1,0,0,차대사람 - 횡단중,보행자보호의무위반,포장 - 건조,맑음,교차로 - 교차로횡단보도내,승용,남,74세,상해없음,보행자,여,54세,중상
3149,2020060100100728,2020년 6월 1일 23시,월요일,강원도 속초시 교동,중상사고,0,1,0,0,차대사람 - 기타,안전운전불이행,포장 - 건조,맑음,교차로 - 교차로부근,승용,남,48세,상해없음,보행자,남,35세,중상
3150,2020060200100483,2020년 6월 2일 18시,화요일,강원도 원주시 단계동,경상사고,0,0,1,0,차대사람 - 횡단중,보행자보호의무위반,포장 - 건조,맑음,교차로 - 교차로횡단보도내,화물,남,57세,상해없음,보행자,여,54세,경상
3151,2020060200100595,2020년 6월 2일 22시,화요일,강원도 원주시 지정면,중상사고,0,1,0,0,차대사람 - 횡단중,안전운전불이행,포장 - 건조,맑음,단일로 - 기타,승용,남,33세,상해없음,보행자,남,41세,중상
3152,2020060200100613,2020년 6월 2일 23시,화요일,강원도 춘천시 효자동,경상사고,0,0,1,0,차대사람 - 기타,안전운전불이행,포장 - 건조,맑음,교차로 - 교차로부근,승용,남,36세,상해없음,보행자,남,24세,경상
3153,2020060300100153,2020년 6월 3일 10시,수요일,강원도 화천군 화천읍,중상사고,0,1,0,0,차대사람 - 횡단중,안전운전불이행,포장 - 건조,맑음,단일로 - 기타,특수,남,53세,상해없음,보행자,여,84세,중상
3154,2020060300100474,2020년 6월 3일 18시,수요일,강원도 강릉시 입암동,중상사고,0,1,0,0,차대사람 - 횡단중,안전운전불이행,포장 - 건조,맑음,단일로 - 기타,승용,남,48세,상해없음,보행자,여,58세,중상
3155,2020060400100260,2020년 6월 4일 13시,목요일,강원도 춘천시 후평동,경상사고,0,0,1,0,차대사람 - 횡단중,안전운전불이행,포장 - 건조,맑음,단일로 - 기타,화물,남,55세,상해없음,보행자,남,9세,경상
3156,2020060400100299,2020년 6월 4일 14시,목요일,강원도 동해시 발한동,경상사고,0,0,1,0,차대사람 - 횡단중,보행자보호의무위반,포장 - 건조,맑음,단일로 - 기타,승용,남,62세,상해없음,보행자,남,63세,경상
3157,2020060400100387,2020년 6월 4일 16시,목요일,강원도 홍천군 북방면,중상사고,0,1,0,0,차대사람 - 기타,안전운전불이행,포장 - 건조,기타,주차장 - 주차장,승용,남,64세,상해없음,보행자,남,46세,중상
3158,2020060500100110,2020년 6월 5일 08시,금요일,강원도 춘천시 후평동,경상사고,0,0,1,0,차대사람 - 횡단중,보행자보호의무위반,포장 - 건조,맑음,교차로 - 교차로횡단보도내,화물,남,71세,상해없음,보행자,남,23세,경상
3159,2020060500100111,2020년 6월 5일 08시,금요일,강원도 원주시 단계동,중상사고,0,1,0,0,차대사람 - 횡단중,보행자보호의무위반,포장 - 건조,맑음,교차로 - 교차로횡단보도내,승용,남,54세,상해없음,보행자,여,40세,중상
3160,2020060500100113,2020년 6월 5일 08시,금요일,강원도 동해시 쇄운동,중상사고,0,1,0,0,차대사람 - 횡단중,보행자보호의무위반,포장 - 건조,맑음,단일로 - 기타,화물,남,46세,상해없음,보행자,여,73세,중상
3161,2020060500100169,2020년 6월 5일 10시,금요일,강원도 삼척시 원덕읍,중상사고,0,1,0,0,차대사람 - 차도통행중,안전운전불이행,포장 - 기타,맑음,단일로 - 기타,승용,여,66세,상해없음,보행자,여,76세,중상
3162,2020060500100206,2020년 6월 5일 11시,금요일,강원도 영월군 영월읍,중상사고,0,1,0,0,차대사람 - 기타,안전운전불이행,포장 - 건조,맑음,단일로 - 기타,승용,남,73세,상해없음,보행자,남,42세,중상
3163,2020060500100207,2020년 6월 5일 11시,금요일,강원도 철원군 갈말읍,경상사고,0,0,1,0,차대사람 - 기타,안전운전불이행,비포장 - 건조,맑음,단일로 - 기타,승용,남,55세,상해없음,보행자,남,57세,경상
3164,2020060500100564,2020년 6월 5일 19시,금요일,강원도 강릉시 교동,경상사고,0,0,1,0,차대사람 - 기타,보행자보호의무위반,포장 - 건조,맑음,교차로 - 교차로부근,승용,남,31세,상해없음,보행자,여,20세,경상
3165,2020060600100256,2020년 6월 6일 13시,토요일,강원도 강릉시 포남동,경상사고,0,0,1,0,차대사람 - 기타,안전운전불이행,포장 - 건조,맑음,기타 - 기타,화물,남,42세,상해없음,보행자,남,68세,경상
3166,2020060600100257,2020년 6월 6일 13시,토요일,강원도 삼척시 도계읍,중상사고,0,1,0,0,차대사람 - 기타,안전운전불이행,포장 - 건조,맑음,주차장 - 주차장,승용,남,47세,상해없음,보행자,여,61세,중상