,사고번호,사고일시,요일,시군구,사고내용,사망자수,중상자수,경상자수,부상신고자수,사고유형,법규위반,노면상태,기상상태,도로형태,가해운전자 차종,가해운전자 성별,가해운전자 연령,가해운전자 상해정도,피해운전자 차종,피해운전자 성별,피해운전자 연령,피해운전자 상해정도
137,2021022400100440,2021년 2월 24일 20시,수요일,강원도 양구군 양구읍,중상사고,0,1,0,0,차대사람 - 횡단중,안전운전불이행,포장 - 건조,맑음,교차로 - 교차로안,승용,남,22세,상해없음,보행자,남,37세,중상
138,2021022500100314,2021년 2월 25일 17시,목요일,강원도 강릉시 송정동,경상사고,0,0,1,0,차대사람 - 기타,안전운전불이행,포장 - 건조,맑음,기타 - 기타,승용,여,68세,상해없음,보행자,여,49세,경상
139,2021022500100411,2021년 2월 25일 19시,목요일,강원도 춘천시 소양로2가,경상사고,0,0,1,0,차대사람 - 횡단중,보행자보호의무위반,포장 - 건조,맑음,기타 - 기타,승용,여,53세,상해없음,보행자,여,45세,경상
140,2021022600100045,2021년 2월 26일 06시,금요일,강원도 춘천시 석사동,중상사고,0,1,0,0,차대사람 - 횡단중,신호위반,포장 - 건조,맑음,교차로 - 교차로횡단보도내,승용,남,44세,상해없음,보행자,남,69세,중상
141,2021022600100242,2021년 2월 26일 13시,금요일,강원도 삼척시 갈천동,중상사고,0,1,0,0,차대사람 - 보도통행중,안전운전불이행,포장 - 건조,맑음,단일로 - 기타,화물,남,55세,상해없음,보행자,여,33세,중상
142,2021022600100315,2021년 2월 26일 15시,금요일,강원도 원주시 문막읍,경상사고,0,0,1,0,차대사람 - 횡단중,안전운전불이행,포장 - 건조,맑음,교차로 - 교차로안,승용,남,36세,상해없음,보행자,남,86세,경상
143,2021022600100429,2021년 2월 26일 18시,금요일,강원도 삼척시 남양동,경상사고,0,0,1,0,차대사람 - 횡단중,보행자보호의무위반,포장 - 건조,맑음,교차로 - 교차로횡단보도내,승용,여,65세,상해없음,보행자,여,38세,경상
144,2021022600100486,2021년 2월 26일 19시,금요일,강원도 춘천시 근화동,경상사고,0,0,1,0,차대사람 - 횡단중,신호위반,포장 - 건조,맑음,교차로 - 교차로횡단보도내,이륜,남,48세,상해없음,보행자,남,52세,경상
145,2021022600100487,2021년 2월 26일 19시,금요일,강원도 춘천시 석사동,경상사고,0,0,1,0,차대사람 - 횡단중,보행자보호의무위반,포장 - 건조,맑음,교차로 - 교차로횡단보도내,승용,남,38세,상해없음,보행자,남,15세,경상
146,2021022700100527,2021년 2월 27일 22시,토요일,강원도 강릉시 교동,중상사고,0,2,0,0,차대사람 - 기타,안전운전불이행,포장 - 건조,맑음,기타 - 기타,승용,남,32세,상해없음,보행자,남,54세,중상
147,2021022800100095,2021년 2월 28일 11시,일요일,강원도 속초시 설악동,경상사고,0,0,1,0,차대사람 - 횡단중,보행자보호의무위반,포장 - 건조,맑음,단일로 - 지하차도(도로)내,승용,남,40세,상해없음,보행자,남,9세,경상
148,2021022800100206,2021년 2월 28일 15시,일요일,강원도 원주시 단계동,중상사고,0,1,0,0,차대사람 - 보도통행중,기타,포장 - 건조,맑음,교차로 - 교차로부근,승용,남,39세,상해없음,보행자,여,47세,중상
149,2021022800100277,2021년 2월 28일 18시,일요일,강원도 영월군 영월읍,경상사고,0,0,1,0,차대사람 - 기타,안전운전불이행,포장 - 건조,맑음,단일로 - 기타,승용,남,42세,상해없음,보행자,여,60세,경상
150,2021030100100205,2021년 3월 1일 16시,월요일,강원도 홍천군 서석면,사망사고,1,0,1,0,차대사람 - 기타,안전운전불이행,포장 - 적설,비,단일로 - 교량,승용,남,57세,상해없음,보행자,남,51세,사망
151,2021030200100070,2021년 3월 2일 08시,화요일,강원도 삼척시 도계읍,중상사고,0,1,0,0,차대사람 - 차도통행중,안전운전불이행,포장 - 적설,눈,단일로 - 기타,승합,남,44세,상해없음,보행자,남,63세,중상
152,2021030200100101,2021년 3월 2일 09시,화요일,강원도 정선군 남면,중상사고,0,1,0,0,차대사람 - 기타,안전운전불이행,포장 - 적설,맑음,단일로 - 고가도로위,화물,남,50세,상해없음,보행자,여,48세,중상
153,2021030200100431,2021년 3월 2일 19시,화요일,강원도 원주시 중앙동,경상사고,0,0,1,0,차대사람 - 기타,안전운전불이행,포장 - 기타,맑음,단일로 - 기타,승용,남,37세,상해없음,보행자,여,52세,경상
154,2021030300100311,2021년 3월 3일 15시,수요일,강원도 강릉시 성내동,중상사고,0,1,0,0,차대사람 - 횡단중,보행자보호의무위반,포장 - 건조,맑음,단일로 - 기타,승용,남,47세,상해없음,보행자,여,65세,중상
155,2021030300100313,2021년 3월 3일 15시,수요일,강원도 태백시 황지동,부상신고사고,0,0,0,1,차대사람 - 기타,안전운전불이행,포장 - 적설,맑음,단일로 - 기타,승용,남,74세,상해없음,보행자,여,15세,부상신고
156,2021030300100456,2021년 3월 3일 20시,수요일,강원도 원주시 단계동,경상사고,0,0,1,0,차대사람 - 횡단중,신호위반,포장 - 건조,맑음,교차로 - 교차로안,화물,남,44세,상해없음,보행자,여,21세,경상
157,2021030400100085,2021년 3월 4일 08시,목요일,강원도 원주시 단구동,부상신고사고,0,0,0,1,차대사람 - 보도통행중,안전운전불이행,포장 - 건조,맑음,기타 - 기타,자전거,남,50세,상해없음,보행자,여,13세,부상신고
158,2021030400100116,2021년 3월 4일 09시,목요일,강원도 원주시 명륜동,중상사고,0,1,0,0,차대사람 - 횡단중,안전운전불이행,포장 - 건조,맑음,교차로 - 교차로횡단보도내,승용,여,67세,상해없음,보행자,남,76세,중상
159,2021030400100390,2021년 3월 4일 19시,목요일,강원도 원주시 우산동,경상사고,0,0,1,0,차대사람 - 보도통행중,안전운전불이행,포장 - 건조,맑음,기타 - 기타,기타불명,기타불명,미분류,기타불명,보행자,남,50세,경상
160,2021030400100490,2021년 3월 4일 22시,목요일,강원도 원주시 우산동,중상사고,0,1,0,0,차대사람 - 보도통행중,기타,포장 - 건조,기타,기타 - 기타,화물,남,52세,상해없음,보행자,여,50세,중상
161,2021030500100095,2021년 3월 5일 08시,금요일,강원도 평창군 평창읍,부상신고사고,0,0,0,1,차대사람 - 차도통행중,교차로운행방법위반,포장 - 건조,맑음,교차로 - 교차로안,승용,여,25세,상해없음,보행자,남,85세,부상신고
162,2021030500100096,2021년 3월 5일 08시,금요일,강원도 동해시 천곡동,중상사고,0,1,0,0,차대사람 - 횡단중,안전운전불이행,포장 - 건조,맑음,단일로 - 기타,승용,여,60세,상해없음,보행자,여,72세,중상
163,2021030500100247,2021년 3월 5일 13시,금요일,강원도 태백시 황지동,중상사고,0,1,0,0,차대사람 - 횡단중,안전운전불이행,포장 - 건조,맑음,단일로 - 기타,승용,남,69세,상해없음,보행자,남,67세,중상
164,2021030500100248,2021년 3월 5일 13시,금요일,강원도 인제군 기린면,경상사고,0,0,1,0,차대사람 - 차도통행중,안전운전불이행,포장 - 건조,맑음,단일로 - 교량,승용,남,71세,상해없음,보행자,남,67세,경상
165,2021030500100518,2021년 3월 5일 20시,금요일,강원도 원주시 명륜동,중상사고,0,1,0,0,차대사람 - 기타,안전운전불이행,포장 - 건조,맑음,단일로 - 기타,개인형이동수단(PM),남,18세,중상,보행자,남,39세,상해없음
166,2021030600100110,2021년 3월 6일 10시,토요일,강원도 홍천군 홍천읍,경상사고,0,0,1,0,차대사람 - 길가장자리구역통행중,안전운전불이행,포장 - 건조,맑음,단일로 - 지하차도(도로)내,승합,남,62세,상해없음,보행자,남,80세,경상
167,2021030600100228,2021년 3월 6일 14시,토요일,강원도 동해시 천곡동,중상사고,0,2,1,0,차대사람 - 보도통행중,신호위반,포장 - 젖음/습기,비,교차로 - 교차로횡단보도내,화물,남,63세,상해없음,보행자,여,54세,중상
168,2021030600100467,2021년 3월 6일 22시,토요일,강원도 동해시 천곡동,경상사고,0,0,1,0,차대사람 - 차도통행중,안전운전불이행,포장 - 젖음/습기,비,단일로 - 기타,승용,남,52세,상해없음,보행자,남,19세,경상
169,2021030700100081,2021년 3월 7일 11시,일요일,강원도 원주시 봉산동,경상사고,0,0,1,0,차대사람 - 기타,안전운전불이행,포장 - 건조,맑음,단일로 - 기타,화물,남,60세,상해없음,보행자,여,55세,경상
170,2021030800100010,2021년 3월 8일 03시,월요일,강원도 춘천시 효자동,중상사고,0,1,0,0,차대사람 - 횡단중,안전운전불이행,포장 - 건조,맑음,교차로 - 교차로부근,승용,남,53세,상해없음,보행자,남,28세,중상
171,2021030800100228,2021년 3월 8일 12시,월요일,강원도 강릉시 포남동,경상사고,0,0,1,0,차대사람 - 기타,안전운전불이행,포장 - 건조,맑음,단일로 - 기타,승용,여,44세,상해없음,보행자,여,71세,경상
172,2021030800100364,2021년 3월 8일 16시,월요일,강원도 화천군 사내면,경상사고,0,0,1,0,차대사람 - 횡단중,중앙선침범,포장 - 건조,맑음,교차로 - 교차로안,승용,여,40세,상해없음,보행자,남,7세,경상
173,2021030900100216,2021년 3월 9일 13시,화요일,강원도 강릉시 포남동,경상사고,0,0,1,0,차대사람 - 길가장자리구역통행중,안전운전불이행,포장 - 건조,맑음,단일로 - 기타,승용,남,50세,상해없음,보행자,남,57세,경상
174,2021030900100339,2021년 3월 9일 17시,화요일,강원도 춘천시 퇴계동,경상사고,0,0,1,0,차대사람 - 횡단중,보행자보호의무위반,포장 - 건조,맑음,교차로 - 교차로부근,승합,남,58세,상해없음,보행자,여,33세,경상
175,2021030900100408,2021년 3월 9일 19시,화요일,강원도 양구군 양구읍,사망사고,1,0,0,0,차대사람 - 기타,안전운전불이행,포장 - 건조,맑음,단일로 - 기타,화물,남,62세,상해없음,보행자,남,21세,사망
176,2021031000100086,2021년 3월 10일 08시,수요일,강원도 원주시 지정면,중상사고,0,1,0,0,차대사람 - 길가장자리구역통행중,안전운전불이행,포장 - 건조,맑음,단일로 - 기타,화물,남,69세,상해없음,보행자,남,70세,중상
177,2021031000100239,2021년 3월 10일 13시,수요일,강원도 춘천시 효자동,경상사고,0,0,1,0,차대사람 - 기타,안전운전불이행,포장 - 건조,맑음,단일로 - 기타,승합,남,60세,상해없음,보행자,여,52세,경상
178,2021031000100437,2021년 3월 10일 18시,수요일,강원도 원주시 단계동,중상사고,0,1,0,0,차대사람 - 차도통행중,보행자보호의무위반,포장 - 건조,맑음,교차로 - 교차로안,승용,여,45세,상해없음,보행자,남,81세,중상
179,2021031100100088,2021년 3월 11일 08시,목요일,강원도 원주시 단계동,중상사고,0,1,0,0,차대사람 - 횡단중,안전운전불이행,포장 - 건조,맑음,기타 - 기타,화물,남,65세,상해없음,보행자,여,59세,중상
180,2021031100100384,2021년 3월 11일 18시,목요일,강원도 속초시 조양동,경상사고,0,0,1,0,차대사람 - 횡단중,보행자보호의무위반,포장 - 건조,맑음,교차로 - 교차로부근,승합,여,51세,상해없음,보행자,여,12세,경상
181,2021031200100188,2021년 3월 12일 12시,금요일,강원도 원주시 우산동,부상신고사고,0,0,0,1,차대사람 - 기타,기타,포장 - 건조,맑음,단일로 - 기타,건설기계,남,56세,상해없음,보행자,남,52세,부상신고
182,2021031200100375,2021년 3월 12일 17시,금요일,강원도 강릉시 내곡동,중상사고,0,1,0,0,차대사람 - 횡단중,보행자보호의무위반,포장 - 젖음/습기,비,교차로 - 교차로횡단보도내,승용,남,23세,기타불명,보행자,여,60세,중상
183,2021031200100410,2021년 3월 12일 18시,금요일,강원도 양구군 양구읍,중상사고,0,1,0,0,차대사람 - 횡단중,보행자보호의무위반,포장 - 건조,맑음,교차로 - 교차로부근,승용,남,43세,상해없음,보행자,남,16세,중상
184,2021031200100551,2021년 3월 12일 21시,금요일,강원도 태백시 소도동,중상사고,0,1,0,0,차대사람 - 차도통행중,안전운전불이행,포장 - 젖음/습기,비,교차로 - 교차로부근,화물,남,42세,상해없음,보행자,여,47세,중상
185,2021031400100009,2021년 3월 14일 00시,일요일,강원도 강릉시 저동,중상사고,0,1,0,0,차대사람 - 기타,안전운전불이행,포장 - 건조,맑음,단일로 - 기타,승용,남,40세,상해없음,보행자,여,63세,중상
186,2021031400100075,2021년 3월 14일 10시,일요일,강원도 횡성군 횡성읍,중상사고,0,1,0,0,차대사람 - 횡단중,보행자보호의무위반,포장 - 건조,맑음,교차로 - 교차로안,승용,남,52세,상해없음,보행자,여,66세,중상
187,2021031400100252,2021년 3월 14일 17시,일요일,강원도 삼척시 정하동,중상사고,0,1,0,0,차대사람 - 기타,안전운전불이행,포장 - 건조,맑음,단일로 - 지하차도(도로)내,승용,남,28세,상해없음,보행자,여,43세,중상
188,2021031400100253,2021년 3월 14일 17시,일요일,강원도 삼척시 도계읍,경상사고,0,0,1,0,차대사람 - 횡단중,안전운전불이행,포장 - 건조,맑음,교차로 - 교차로안,승용,여,64세,상해없음,보행자,남,68세,경상
189,2021031400100341,2021년 3월 14일 20시,일요일,강원도 춘천시 효자동,중상사고,0,1,0,0,차대사람 - 기타,보행자보호의무위반,포장 - 건조,맑음,교차로 - 교차로부근,승용,남,21세,상해없음,보행자,남,62세,중상
190,2021031500100008,2021년 3월 15일 01시,월요일,강원도 원주시 무실동,중상사고,0,1,0,0,차대사람 - 횡단중,보행자보호의무위반,포장 - 건조,맑음,교차로 - 교차로횡단보도내,승용,남,52세,상해없음,보행자,남,59세,중상
191,2021031500100023,2021년 3월 15일 05시,월요일,강원도 삼척시 사직동,사망사고,1,0,0,0,차대사람 - 횡단중,안전운전불이행,포장 - 건조,맑음,단일로 - 지하차도(도로)내,승용,여,55세,상해없음,보행자,남,74세,사망
192,2021031500100080,2021년 3월 15일 08시,월요일,강원도 원주시 봉산동,경상사고,0,0,1,0,차대사람 - 횡단중,보행자보호의무위반,포장 - 건조,맑음,단일로 - 기타,승용,남,41세,상해없음,보행자,남,8세,경상
193,2021031500100515,2021년 3월 15일 21시,월요일,강원도 원주시 단계동,중상사고,0,1,0,0,차대사람 - 차도통행중,안전운전불이행,포장 - 건조,맑음,단일로 - 기타,승용,남,43세,상해없음,보행자,남,32세,중상
194,2021031600100400,2021년 3월 16일 17시,화요일,강원도 속초시 교동,경상사고,0,0,1,0,차대사람 - 차도통행중,안전운전불이행,포장 - 건조,맑음,교차로 - 교차로부근,승용,여,77세,상해없음,보행자,남,40세,경상
195,2021031600100568,2021년 3월 16일 22시,화요일,강원도 원주시 무실동,경상사고,0,0,1,0,차대사람 - 기타,안전운전불이행,포장 - 건조,기타,기타 - 기타,승용,남,58세,상해없음,보행자,남,21세,경상
196,2021031700100163,2021년 3월 17일 11시,수요일,강원도 원주시 학성동,중상사고,0,1,0,0,차대사람 - 횡단중,보행자보호의무위반,포장 - 건조,맑음,교차로 - 교차로횡단보도내,이륜,남,69세,상해없음,보행자,남,76세,중상
197,2021031700100227,2021년 3월 17일 13시,수요일,강원도 강릉시 내곡동,중상사고,0,1,0,0,차대사람 - 길가장자리구역통행중,안전운전불이행,포장 - 건조,맑음,기타 - 기타,원동기,남,22세,상해없음,보행자,여,72세,중상
198,2021031700100229,2021년 3월 17일 13시,수요일,강원도 삼척시 남양동,경상사고,0,0,1,0,차대사람 - 보도통행중,안전운전불이행,포장 - 기타,맑음,기타 - 기타,자전거,남,77세,상해없음,보행자,여,90세,경상
199,2021031700100303,2021년 3월 17일 15시,수요일,강원도 동해시 효가동,경상사고,0,0,1,0,차대사람 - 보도통행중,안전운전불이행,포장 - 건조,맑음,단일로 - 기타,승용,남,57세,상해없음,보행자,남,35세,경상
200,2021031700100422,2021년 3월 17일 18시,수요일,강원도 홍천군 홍천읍,경상사고,0,0,1,0,차대사람 - 횡단중,보행자보호의무위반,포장 - 건조,맑음,교차로 - 교차로횡단보도내,승용,남,72세,상해없음,보행자,여,96세,경상
201,2021031800100021,2021년 3월 18일 03시,목요일,강원도 속초시 교동,경상사고,0,0,1,0,차대사람 - 길가장자리구역통행중,안전운전불이행,포장 - 건조,맑음,교차로 - 교차로부근,이륜,남,25세,상해없음,보행자,남,50세,경상
202,2021031800100167,2021년 3월 18일 11시,목요일,강원도 횡성군 횡성읍,경상사고,0,0,1,0,차대사람 - 차도통행중,안전운전불이행,포장 - 건조,맑음,교차로 - 교차로안,화물,남,62세,상해없음,보행자,여,78세,경상
203,2021031800100198,2021년 3월 18일 12시,목요일,강원도 원주시 일산동,경상사고,0,0,1,0,차대사람 - 횡단중,안전운전불이행,포장 - 건조,맑음,단일로 - 기타,승용,남,25세,상해없음,보행자,여,82세,경상
204,2021031800100294,2021년 3월 18일 15시,목요일,강원도 춘천시 동내면,경상사고,0,0,1,0,차대사람 - 기타,안전운전불이행,포장 - 건조,맑음,단일로 - 기타,승합,여,50세,상해없음,보행자,남,27세,경상
205,2021031900100499,2021년 3월 19일 19시,금요일,강원도 강릉시 옥천동,경상사고,0,0,1,0,차대사람 - 기타,기타,포장 - 건조,맑음,기타 - 기타,화물,남,74세,상해없음,보행자,남,52세,경상
206,2021032000100022,2021년 3월 20일 02시,토요일,강원도 춘천시 효자동,경상사고,0,0,1,0,차대사람 - 기타,안전운전불이행,포장 - 건조,기타,단일로 - 기타,승용,남,28세,상해없음,보행자,남,22세,경상
207,2021032000100064,2021년 3월 20일 08시,토요일,강원도 강릉시 옥천동,경상사고,0,0,1,0,차대사람 - 차도통행중,안전운전불이행,포장 - 건조,흐림,단일로 - 기타,승용,남,22세,상해없음,보행자,여,67세,경상
208,2021032000100097,2021년 3월 20일 10시,토요일,강원도 강릉시 주문진읍,중상사고,0,1,0,0,차대사람 - 기타,보행자보호의무위반,포장 - 젖음/습기,비,단일로 - 기타,승용,여,57세,상해없음,보행자,남,84세,중상
209,2021032000100159,2021년 3월 20일 12시,토요일,강원도 춘천시 퇴계동,경상사고,0,0,2,0,차대사람 - 기타,안전운전불이행,포장 - 젖음/습기,비,단일로 - 기타,승용,남,56세,상해없음,보행자,남,21세,경상
210,2021032000100396,2021년 3월 20일 19시,토요일,강원도 원주시 무실동,부상신고사고,0,0,0,1,차대사람 - 기타,안전운전불이행,포장 - 건조,맑음,단일로 - 기타,승용,남,37세,상해없음,보행자,남,42세,부상신고
211,2021032000100397,2021년 3월 20일 19시,토요일,강원도 동해시 평릉동,경상사고,0,0,1,0,차대사람 - 횡단중,안전운전불이행,포장 - 건조,맑음,단일로 - 기타,승용,남,55세,상해없음,보행자,남,76세,경상
212,2021032100100067,2021년 3월 21일 09시,일요일,강원도 속초시 교동,경상사고,0,0,1,0,차대사람 - 횡단중,보행자보호의무위반,포장 - 건조,맑음,교차로 - 교차로횡단보도내,승용,남,28세,상해없음,보행자,남,48세,경상
213,2021032100100081,2021년 3월 21일 10시,일요일,강원도 원주시 학성동,사망사고,1,0,0,0,차대사람 - 차도통행중,안전운전불이행,포장 - 건조,맑음,단일로 - 기타,승용,여,55세,상해없음,보행자,여,63세,사망
214,2021032100100163,2021년 3월 21일 14시,일요일,강원도 강릉시 주문진읍,경상사고,0,0,1,0,차대사람 - 차도통행중,안전운전불이행,포장 - 건조,맑음,단일로 - 기타,승용,남,58세,상해없음,보행자,남,23세,경상
215,2021032200100043,2021년 3월 22일 07시,월요일,강원도 강릉시 강문동,경상사고,0,0,1,0,차대사람 - 보도통행중,안전운전불이행,포장 - 건조,맑음,단일로 - 기타,승용,여,40세,상해없음,보행자,여,62세,경상
216,2021032200100089,2021년 3월 22일 08시,월요일,강원도 원주시 우산동,중상사고,0,1,0,0,차대사람 - 횡단중,안전운전불이행,포장 - 건조,맑음,단일로 - 기타,승용,여,49세,상해없음,보행자,여,79세,중상
217,2021032300100002,2021년 3월 23일 00시,화요일,강원도 춘천시 석사동,경상사고,0,0,1,0,차대사람 - 기타,안전운전불이행,포장 - 건조,맑음,단일로 - 기타,승용,남,31세,상해없음,보행자,남,34세,경상
218,2021032300100003,2021년 3월 23일 00시,화요일,강원도 원주시 단계동,경상사고,0,0,1,0,차대사람 - 기타,안전운전불이행,포장 - 건조,맑음,교차로 - 교차로부근,승용,남,19세,상해없음,보행자,남,52세,경상
219,2021032300100343,2021년 3월 23일 16시,화요일,강원도 원주시 판부면,경상사고,0,0,1,0,차대사람 - 횡단중,보행자보호의무위반,포장 - 건조,맑음,교차로 - 교차로안,승용,남,23세,상해없음,보행자,여,44세,경상
220,2021032400100306,2021년 3월 24일 15시,수요일,강원도 원주시 명륜동,경상사고,0,0,1,0,차대사람 - 횡단중,신호위반,포장 - 건조,맑음,교차로 - 교차로횡단보도내,화물,남,61세,상해없음,보행자,여,82세,경상
221,2021032500100084,2021년 3월 25일 08시,목요일,강원도 원주시 지정면,경상사고,0,0,1,0,차대사람 - 횡단중,보행자보호의무위반,포장 - 건조,맑음,단일로 - 기타,승용,여,39세,상해없음,보행자,남,13세,경상
222,2021032500100237,2021년 3월 25일 13시,목요일,강원도 춘천시 근화동,경상사고,0,0,1,0,차대사람 - 횡단중,보행자보호의무위반,포장 - 건조,맑음,단일로 - 기타,승용,여,60세,상해없음,보행자,남,72세,경상
223,2021032500100283,2021년 3월 25일 14시,목요일,강원도 강릉시 입암동,중상사고,0,1,0,0,차대사람 - 횡단중,안전운전불이행,포장 - 건조,맑음,단일로 - 기타,화물,남,74세,상해없음,보행자,여,89세,중상
224,2021032500100330,2021년 3월 25일 15시,목요일,강원도 삼척시 도계읍,중상사고,0,1,0,0,차대사람 - 기타,안전운전불이행,포장 - 건조,맑음,단일로 - 기타,화물,남,54세,상해없음,보행자,남,48세,중상
225,2021032600100082,2021년 3월 26일 08시,금요일,강원도 춘천시 동면,경상사고,0,0,1,0,차대사람 - 횡단중,신호위반,포장 - 건조,맑음,교차로 - 교차로횡단보도내,화물,남,65세,상해없음,보행자,여,12세,경상
226,2021032600100290,2021년 3월 26일 14시,금요일,강원도 인제군 상남면,경상사고,0,0,1,0,차대사람 - 기타,안전운전불이행,포장 - 건조,맑음,주차장 - 주차장,승합,남,29세,상해없음,보행자,여,58세,경상
227,2021032700100117,2021년 3월 27일 10시,토요일,강원도 동해시 발한동,중상사고,0,1,0,0,차대사람 - 차도통행중,안전운전불이행,포장 - 건조,맑음,교차로 - 교차로부근,승용,남,61세,상해없음,보행자,남,83세,중상
228,2021032700100495,2021년 3월 27일 19시,토요일,강원도 강릉시 홍제동,중상사고,0,1,0,0,차대사람 - 횡단중,안전운전불이행,포장 - 젖음/습기,비,교차로 - 교차로부근,승용,남,73세,상해없음,보행자,남,73세,중상
229,2021032700100625,2021년 3월 27일 22시,토요일,강원도 원주시 단계동,경상사고,0,0,1,0,차대사람 - 차도통행중,안전운전불이행,포장 - 건조,맑음,단일로 - 기타,승용,남,29세,상해없음,보행자,남,39세,경상
230,2021032800100194,2021년 3월 28일 13시,일요일,강원도 춘천시 조양동,경상사고,0,0,1,0,차대사람 - 기타,안전운전불이행,포장 - 건조,맑음,단일로 - 기타,승용,남,24세,상해없음,보행자,남,58세,경상
231,2021032900100102,2021년 3월 29일 08시,월요일,강원도 평창군 용평면,중상사고,0,1,0,0,차대사람 - 횡단중,신호위반,포장 - 건조,맑음,교차로 - 교차로부근,승용,여,61세,상해없음,보행자,여,34세,중상
232,2021032900100296,2021년 3월 29일 13시,월요일,강원도 속초시 노학동,중상사고,0,1,0,0,차대사람 - 횡단중,보행자보호의무위반,포장 - 건조,맑음,교차로 - 교차로부근,승용,남,41세,상해없음,보행자,여,50세,중상
233,2021032900100326,2021년 3월 29일 14시,월요일,강원도 춘천시 온의동,중상사고,0,1,0,0,차대사람 - 기타,안전운전불이행,포장 - 건조,맑음,단일로 - 기타,승용,남,59세,상해없음,보행자,여,82세,중상
234,2021032900100600,2021년 3월 29일 23시,월요일,강원도 원주시 단계동,경상사고,0,0,1,0,차대사람 - 기타,안전운전불이행,포장 - 건조,맑음,단일로 - 기타,승용,남,28세,상해없음,보행자,남,35세,경상
235,2021033000100172,2021년 3월 30일 10시,화요일,강원도 원주시 개운동,경상사고,0,0,1,0,차대사람 - 횡단중,보행자보호의무위반,포장 - 건조,맑음,교차로 - 교차로횡단보도내,승용,남,59세,상해없음,보행자,여,65세,경상
236,2021033000100173,2021년 3월 30일 10시,화요일,강원도 원주시 봉산동,경상사고,0,0,1,0,차대사람 - 길가장자리구역통행중,안전운전불이행,포장 - 건조,맑음,단일로 - 기타,승용,여,50세,상해없음,보행자,여,62세,경상
237,2021033100100505,2021년 3월 31일 19시,수요일,강원도 원주시 학성동,부상신고사고,0,0,0,1,차대사람 - 보도통행중,안전운전불이행,포장 - 건조,맑음,기타 - 기타,기타불명,기타불명,미분류,기타불명,보행자,남,61세,부상신고
238,2021040100100426,2021년 4월 1일 17시,목요일,강원도 평창군 평창읍,중상사고,0,1,0,0,차대사람 - 횡단중,보행자보호의무위반,포장 - 건조,맑음,교차로 - 교차로안,특수,남,49세,상해없음,보행자,남,10세,중상
239,2021040200100055,2021년 4월 2일 07시,금요일,강원도 강릉시 교동,경상사고,0,0,1,0,차대사람 - 차도통행중,안전운전불이행,포장 - 건조,흐림,교차로 - 교차로안,승용,여,55세,상해없음,보행자,여,63세,경상
240,2021040200100090,2021년 4월 2일 08시,금요일,강원도 횡성군 횡성읍,경상사고,0,0,1,0,차대사람 - 기타,안전운전불이행,포장 - 건조,맑음,기타 - 기타,승용,여,38세,기타불명,보행자,여,10세,경상
241,2021040200100184,2021년 4월 2일 11시,금요일,강원도 춘천시 효자동,경상사고,0,0,1,0,차대사람 - 보도통행중,보행자보호의무위반,포장 - 건조,맑음,교차로 - 교차로안,승용,여,61세,상해없음,보행자,여,57세,경상
242,2021040200100585,2021년 4월 2일 21시,금요일,강원도 춘천시 효자동,경상사고,0,0,1,0,차대사람 - 기타,안전운전불이행,포장 - 건조,맑음,단일로 - 기타,승용,남,52세,상해없음,보행자,여,18세,경상
243,2021040300100046,2021년 4월 3일 04시,토요일,강원도 춘천시 효자동,경상사고,0,0,1,0,차대사람 - 기타,안전운전불이행,포장 - 건조,기타,단일로 - 기타,승용,남,21세,상해없음,보행자,남,21세,경상
244,2021040300100442,2021년 4월 3일 19시,토요일,강원도 강릉시 옥천동,중상사고,0,1,0,0,차대사람 - 횡단중,안전운전불이행,포장 - 젖음/습기,비,교차로 - 교차로안,승용,여,26세,상해없음,보행자,여,83세,중상
245,2021040300100488,2021년 4월 3일 20시,토요일,강원도 동해시 천곡동,중상사고,0,1,0,0,차대사람 - 횡단중,보행자보호의무위반,포장 - 젖음/습기,비,단일로 - 기타,승용,남,22세,상해없음,보행자,여,68세,중상
246,2021040300100582,2021년 4월 3일 22시,토요일,강원도 강릉시 교동,중상사고,0,1,0,0,차대사람 - 기타,신호위반,포장 - 젖음/습기,비,교차로 - 교차로안,승용,여,50세,상해없음,보행자,여,21세,중상
247,2021040400100091,2021년 4월 4일 10시,일요일,강원도 원주시 단구동,경상사고,0,0,1,0,차대사람 - 횡단중,안전운전불이행,포장 - 건조,맑음,단일로 - 기타,승용,남,63세,상해없음,보행자,여,3세,경상
248,2021040400100179,2021년 4월 4일 14시,일요일,강원도 원주시 관설동,중상사고,0,1,0,0,차대사람 - 길가장자리구역통행중,안전운전불이행,포장 - 건조,맑음,단일로 - 기타,승용,남,63세,상해없음,보행자,여,55세,중상
249,2021040500100049,2021년 4월 5일 06시,월요일,강원도 태백시 황지동,중상사고,0,1,0,0,차대사람 - 길가장자리구역통행중,안전운전불이행,포장 - 건조,맑음,단일로 - 기타,승용,남,60세,상해없음,보행자,여,26세,중상
250,2021040500100104,2021년 4월 5일 08시,월요일,강원도 동해시 평릉동,경상사고,0,0,1,0,차대사람 - 횡단중,안전운전불이행,포장 - 건조,맑음,단일로 - 기타,승용,남,56세,상해없음,보행자,남,74세,경상