,사고번호,사고일시,요일,시군구,사고내용,사망자수,중상자수,경상자수,부상신고자수,사고유형,법규위반,노면상태,기상상태,도로형태,가해운전자 차종,가해운전자 성별,가해운전자 연령,가해운전자 상해정도,피해운전자 차종,피해운전자 성별,피해운전자 연령,피해운전자 상해정도
936,2021112400100427,2021년 11월 24일 18시,수요일,강원도 춘천시 효자동,경상사고,0,0,1,0,차대사람 - 기타,안전운전불이행,포장 - 건조,맑음,단일로 - 기타,개인형이동수단(PM),남,21세,상해없음,보행자,남,58세,경상
937,2021112400100515,2021년 11월 24일 20시,수요일,강원도 춘천시 효자동,중상사고,0,1,0,0,차대사람 - 횡단중,신호위반,포장 - 건조,맑음,교차로 - 교차로횡단보도내,이륜,남,19세,상해없음,보행자,여,24세,중상
938,2021112500100113,2021년 11월 25일 08시,목요일,강원도 원주시 명륜동,경상사고,0,0,1,0,차대사람 - 횡단중,안전운전불이행,포장 - 건조,맑음,단일로 - 기타,승용,여,42세,상해없음,보행자,남,12세,경상
939,2021112500100324,2021년 11월 25일 14시,목요일,강원도 강릉시 성남동,중상사고,0,1,0,0,차대사람 - 횡단중,안전운전불이행,포장 - 건조,맑음,교차로 - 교차로안,승용,여,35세,상해없음,보행자,여,61세,중상
940,2021112500100456,2021년 11월 25일 17시,목요일,강원도 원주시 단구동,경상사고,0,0,1,0,차대사람 - 횡단중,보행자보호의무위반,포장 - 건조,맑음,교차로 - 교차로안,화물,남,44세,상해없음,보행자,남,19세,경상
941,2021112500100457,2021년 11월 25일 17시,목요일,강원도 태백시 황지동,중상사고,0,1,0,0,차대사람 - 횡단중,보행자보호의무위반,포장 - 건조,맑음,교차로 - 교차로횡단보도내,승용,여,55세,상해없음,보행자,남,65세,중상
942,2021112500100515,2021년 11월 25일 18시,목요일,강원도 원주시 단구동,중상사고,0,1,0,0,차대사람 - 기타,안전운전불이행,포장 - 건조,맑음,주차장 - 주차장,승용,남,35세,상해없음,보행자,여,86세,중상
943,2021112500100599,2021년 11월 25일 20시,목요일,강원도 속초시 조양동,중상사고,0,1,0,0,차대사람 - 차도통행중,안전운전불이행,포장 - 건조,맑음,교차로 - 교차로안,승용,남,42세,상해없음,보행자,남,55세,중상
944,2021112500100600,2021년 11월 25일 20시,목요일,강원도 홍천군 홍천읍,경상사고,0,0,1,0,차대사람 - 횡단중,보행자보호의무위반,포장 - 건조,맑음,단일로 - 기타,승용,남,34세,상해없음,보행자,남,62세,경상
945,2021112500100669,2021년 11월 25일 23시,목요일,강원도 영월군 영월읍,경상사고,0,0,1,0,차대사람 - 차도통행중,안전운전불이행,포장 - 건조,맑음,단일로 - 기타,승용,남,61세,상해없음,보행자,남,41세,경상
946,2021112600100338,2021년 11월 26일 14시,금요일,강원도 강릉시 성남동,경상사고,0,0,1,0,차대사람 - 횡단중,보행자보호의무위반,포장 - 건조,맑음,교차로 - 교차로부근,승용,남,73세,상해없음,보행자,여,74세,경상
947,2021112600100717,2021년 11월 26일 22시,금요일,강원도 춘천시 후평동,경상사고,0,0,1,0,차대사람 - 보도통행중,기타,포장 - 건조,맑음,기타 - 기타,승용,여,51세,상해없음,보행자,남,60세,경상
948,2021112700100022,2021년 11월 27일 01시,토요일,강원도 춘천시 석사동,중상사고,0,1,0,0,차대사람 - 횡단중,안전운전불이행,포장 - 건조,맑음,교차로 - 교차로횡단보도내,승용,남,52세,기타불명,보행자,남,19세,중상
949,2021112700100059,2021년 11월 27일 06시,토요일,강원도 원주시 태장동,사망사고,1,0,0,0,차대사람 - 횡단중,안전운전불이행,포장 - 건조,맑음,단일로 - 기타,화물,남,68세,상해없음,보행자,남,62세,사망
950,2021112700100417,2021년 11월 27일 17시,토요일,강원도 춘천시 퇴계동,중상사고,0,1,0,0,차대사람 - 횡단중,안전운전불이행,포장 - 건조,맑음,단일로 - 기타,승용,남,72세,기타불명,보행자,여,79세,중상
951,2021112700100418,2021년 11월 27일 17시,토요일,강원도 원주시 판부면,경상사고,0,0,1,0,차대사람 - 횡단중,신호위반,포장 - 건조,맑음,단일로 - 기타,승용,남,46세,상해없음,보행자,남,11세,경상
952,2021112700100419,2021년 11월 27일 17시,토요일,강원도 원주시 단계동,경상사고,0,0,1,0,차대사람 - 기타,교차로운행방법위반,포장 - 건조,맑음,단일로 - 기타,승합,남,56세,상해없음,보행자,여,49세,경상
953,2021112800100137,2021년 11월 28일 11시,일요일,강원도 강릉시 옥천동,사망사고,1,0,0,0,차대사람 - 차도통행중,안전운전불이행,포장 - 건조,맑음,단일로 - 기타,승용,남,50세,상해없음,보행자,여,65세,사망
954,2021112900100156,2021년 11월 29일 09시,월요일,강원도 춘천시 신북읍,중상사고,0,1,0,0,차대사람 - 횡단중,보행자보호의무위반,포장 - 건조,맑음,교차로 - 교차로부근,승용,여,54세,상해없음,보행자,여,60세,중상
955,2021112900100357,2021년 11월 29일 15시,월요일,강원도 영월군 영월읍,중상사고,0,1,0,0,차대사람 - 차도통행중,안전운전불이행,포장 - 건조,맑음,교차로 - 교차로부근,승용,남,62세,상해없음,보행자,여,67세,중상
956,2021112900100403,2021년 11월 29일 16시,월요일,강원도 강릉시 내곡동,경상사고,0,0,1,0,차대사람 - 횡단중,보행자보호의무위반,포장 - 건조,맑음,교차로 - 교차로부근,승용,남,27세,상해없음,보행자,여,22세,경상
957,2021112900100541,2021년 11월 29일 19시,월요일,강원도 원주시 단구동,중상사고,0,1,0,0,차대사람 - 기타,안전운전불이행,포장 - 건조,맑음,교차로 - 교차로안,승용,남,55세,상해없음,보행자,남,58세,중상
958,2021113000100139,2021년 11월 30일 08시,화요일,강원도 동해시 동회동,중상사고,0,1,0,0,차대사람 - 차도통행중,안전운전불이행,포장 - 건조,맑음,단일로 - 기타,화물,남,52세,상해없음,보행자,여,16세,중상
959,2021113000100247,2021년 11월 30일 11시,화요일,강원도 강릉시 연곡면,경상사고,0,0,1,0,차대사람 - 횡단중,안전운전불이행,포장 - 젖음/습기,비,단일로 - 기타,이륜,남,61세,상해없음,보행자,남,68세,경상
960,2021113000100442,2021년 11월 30일 17시,화요일,강원도 춘천시 신동면,중상사고,0,1,0,0,차대사람 - 길가장자리구역통행중,안전운전불이행,포장 - 젖음/습기,비,단일로 - 기타,승용,여,51세,상해없음,보행자,여,62세,중상
961,2021113000100444,2021년 11월 30일 17시,화요일,강원도 정선군 정선읍,경상사고,0,0,1,0,차대사람 - 횡단중,안전운전불이행,포장 - 젖음/습기,비,단일로 - 기타,화물,남,67세,상해없음,보행자,여,25세,경상
962,2021113000100498,2021년 11월 30일 18시,화요일,강원도 춘천시 효자동,경상사고,0,0,1,0,차대사람 - 기타,안전운전불이행,포장 - 젖음/습기,비,교차로 - 교차로부근,기타불명,기타불명,미분류,기타불명,보행자,남,24세,경상
963,2021113000100621,2021년 11월 30일 21시,화요일,강원도 원주시 무실동,경상사고,0,0,1,0,차대사람 - 횡단중,보행자보호의무위반,포장 - 건조,맑음,단일로 - 기타,승용,남,59세,상해없음,보행자,남,45세,경상
964,2021120100100333,2021년 12월 1일 15시,수요일,강원도 원주시 명륜동,경상사고,0,0,1,0,차대사람 - 횡단중,보행자보호의무위반,포장 - 건조,맑음,교차로 - 교차로안,승용,남,57세,상해없음,보행자,여,69세,경상
965,2021120200100067,2021년 12월 2일 07시,목요일,강원도 원주시 일산동,경상사고,0,0,1,0,차대사람 - 횡단중,보행자보호의무위반,포장 - 건조,맑음,단일로 - 기타,승용,여,61세,상해없음,보행자,남,13세,경상
966,2021120200100143,2021년 12월 2일 09시,목요일,강원도 동해시 천곡동,경상사고,0,0,1,0,차대사람 - 횡단중,보행자보호의무위반,포장 - 건조,맑음,교차로 - 교차로부근,승용,여,47세,상해없음,보행자,여,54세,경상
967,2021120200100423,2021년 12월 2일 17시,목요일,강원도 홍천군 홍천읍,경상사고,0,0,1,0,차대사람 - 길가장자리구역통행중,안전운전불이행,포장 - 건조,맑음,단일로 - 기타,승용,여,66세,상해없음,보행자,남,45세,경상
968,2021120200100584,2021년 12월 2일 21시,목요일,강원도 춘천시 석사동,부상신고사고,0,0,0,1,차대사람 - 기타,안전운전불이행,포장 - 젖음/습기,눈,교차로 - 교차로안,승용,여,27세,상해없음,보행자,여,26세,부상신고
969,2021120300100033,2021년 12월 3일 04시,금요일,강원도 원주시 판부면,중상사고,0,1,0,0,차대사람 - 기타,안전운전불이행,포장 - 젖음/습기,비,단일로 - 고가도로위,승용,남,60세,상해없음,보행자,여,63세,중상
970,2021120300100378,2021년 12월 3일 14시,금요일,강원도 원주시 귀래면,중상사고,0,1,0,0,차대사람 - 횡단중,보행자보호의무위반,포장 - 건조,맑음,교차로 - 교차로안,승용,여,78세,상해없음,보행자,여,80세,중상
971,2021120300100416,2021년 12월 3일 15시,금요일,강원도 강릉시 홍제동,경상사고,0,0,1,0,차대사람 - 기타,안전운전불이행,포장 - 건조,맑음,주차장 - 주차장,승합,남,58세,상해없음,보행자,여,44세,경상
972,2021120400100012,2021년 12월 4일 00시,토요일,강원도 강릉시 옥천동,중상사고,0,1,0,0,차대사람 - 기타,안전운전불이행,포장 - 건조,맑음,교차로 - 교차로안,승용,남,61세,상해없음,보행자,남,46세,중상
973,2021120400100064,2021년 12월 4일 06시,토요일,강원도 양양군 서면,중상사고,0,1,0,0,차대사람 - 차도통행중,안전운전불이행,포장 - 건조,맑음,단일로 - 기타,승용,여,53세,상해없음,보행자,여,80세,중상
974,2021120400100159,2021년 12월 4일 11시,토요일,강원도 춘천시 중앙로1가,경상사고,0,0,1,0,차대사람 - 기타,안전운전불이행,포장 - 건조,맑음,기타 - 기타,승용,남,77세,상해없음,보행자,남,75세,경상
975,2021120400100200,2021년 12월 4일 12시,토요일,강원도 원주시 봉산동,중상사고,0,1,0,0,차대사람 - 횡단중,보행자보호의무위반,포장 - 건조,맑음,교차로 - 교차로횡단보도내,승용,여,64세,상해없음,보행자,남,81세,중상
976,2021120400100201,2021년 12월 4일 12시,토요일,강원도 태백시 황지동,경상사고,0,0,1,0,차대사람 - 차도통행중,안전운전불이행,포장 - 건조,맑음,교차로 - 교차로안,승용,여,40세,상해없음,보행자,남,76세,경상
977,2021120400100236,2021년 12월 4일 13시,토요일,강원도 춘천시 우두동,부상신고사고,0,0,0,1,차대사람 - 횡단중,안전운전불이행,포장 - 건조,맑음,교차로 - 교차로안,승용,남,47세,상해없음,보행자,남,79세,부상신고
978,2021120400100401,2021년 12월 4일 18시,토요일,강원도 춘천시 소양로1가,중상사고,0,1,0,0,차대사람 - 횡단중,안전운전불이행,포장 - 건조,맑음,교차로 - 교차로횡단보도내,승용,남,56세,상해없음,보행자,여,65세,중상
979,2021120500100307,2021년 12월 5일 17시,일요일,강원도 태백시 황지동,경상사고,0,0,1,0,차대사람 - 횡단중,안전운전불이행,포장 - 건조,맑음,교차로 - 교차로횡단보도내,승용,여,42세,상해없음,보행자,남,28세,경상
980,2021120600100272,2021년 12월 6일 14시,월요일,강원도 삼척시 남양동,경상사고,0,0,1,0,차대사람 - 차도통행중,안전운전불이행,포장 - 건조,맑음,단일로 - 기타,화물,남,60세,상해없음,보행자,여,79세,경상
981,2021120600100273,2021년 12월 6일 14시,월요일,강원도 홍천군 홍천읍,경상사고,0,0,1,0,차대사람 - 차도통행중,안전운전불이행,포장 - 건조,맑음,단일로 - 지하차도(도로)내,승용,여,54세,상해없음,보행자,여,74세,경상
982,2021120600100296,2021년 12월 6일 15시,월요일,강원도 춘천시 신북읍,경상사고,0,0,1,0,차대사람 - 보도통행중,안전운전불이행,포장 - 건조,맑음,단일로 - 기타,기타불명,기타불명,미분류,기타불명,보행자,남,16세,경상
983,2021120600100297,2021년 12월 6일 15시,월요일,강원도 춘천시 후평동,경상사고,0,0,1,0,차대사람 - 횡단중,신호위반,포장 - 건조,맑음,교차로 - 교차로횡단보도내,승용,여,49세,상해없음,보행자,남,10세,경상
984,2021120700100004,2021년 12월 7일 00시,화요일,강원도 홍천군 홍천읍,경상사고,0,0,1,0,차대사람 - 횡단중,안전운전불이행,포장 - 건조,맑음,단일로 - 지하차도(도로)내,승용,남,26세,상해없음,보행자,여,25세,경상
985,2021120700100155,2021년 12월 7일 10시,화요일,강원도 속초시 청학동,중상사고,0,1,0,0,차대사람 - 횡단중,보행자보호의무위반,포장 - 젖음/습기,비,교차로 - 교차로안,승용,남,69세,상해없음,보행자,여,77세,중상
986,2021120700100408,2021년 12월 7일 17시,화요일,강원도 강릉시 주문진읍,경상사고,0,0,2,0,차대사람 - 횡단중,보행자보호의무위반,포장 - 젖음/습기,비,교차로 - 교차로횡단보도내,화물,남,67세,상해없음,보행자,여,52세,경상
987,2021120700100513,2021년 12월 7일 19시,화요일,강원도 춘천시 신북읍,사망사고,1,0,0,0,차대사람 - 횡단중,보행자보호의무위반,포장 - 건조,맑음,교차로 - 교차로횡단보도내,승용,남,29세,상해없음,보행자,여,77세,사망
988,2021120800100262,2021년 12월 8일 13시,수요일,강원도 고성군 거진읍,중상사고,0,1,0,0,차대사람 - 길가장자리구역통행중,안전운전불이행,포장 - 건조,맑음,기타 - 기타,승용,여,73세,상해없음,보행자,여,82세,중상
989,2021120800100522,2021년 12월 8일 19시,수요일,강원도 춘천시 효자동,경상사고,0,0,1,0,차대사람 - 횡단중,교차로운행방법위반,포장 - 건조,맑음,교차로 - 교차로안,승용,여,23세,상해없음,보행자,남,63세,경상
990,2021120800100573,2021년 12월 8일 21시,수요일,강원도 춘천시 후평동,경상사고,0,0,1,0,차대사람 - 횡단중,보행자보호의무위반,포장 - 건조,맑음,단일로 - 기타,승용,남,65세,상해없음,보행자,남,13세,경상
991,2021120900100326,2021년 12월 9일 17시,목요일,강원도 춘천시 소양로2가,사망사고,1,0,0,0,차대사람 - 횡단중,보행자보호의무위반,포장 - 건조,맑음,교차로 - 교차로횡단보도내,화물,남,80세,상해없음,보행자,남,40세,사망
992,2021120900100382,2021년 12월 9일 18시,목요일,강원도 속초시 교동,경상사고,0,0,1,0,차대사람 - 횡단중,신호위반,포장 - 건조,맑음,교차로 - 교차로안,이륜,남,29세,상해없음,보행자,남,52세,경상
993,2021120900100488,2021년 12월 9일 21시,목요일,강원도 홍천군 홍천읍,경상사고,0,0,1,0,차대사람 - 길가장자리구역통행중,안전운전불이행,포장 - 건조,맑음,단일로 - 기타,승용,남,55세,상해없음,보행자,여,41세,경상
994,2021121000100261,2021년 12월 10일 13시,금요일,강원도 원주시 태장동,중상사고,0,1,0,0,차대사람 - 차도통행중,보행자보호의무위반,포장 - 건조,맑음,교차로 - 교차로안,승용,남,54세,상해없음,보행자,남,90세,중상
995,2021121000100366,2021년 12월 10일 16시,금요일,강원도 강릉시 주문진읍,경상사고,0,0,1,0,차대사람 - 기타,안전운전불이행,포장 - 건조,맑음,교차로 - 교차로부근,승용,여,64세,상해없음,보행자,남,13세,경상
996,2021121000100367,2021년 12월 10일 16시,금요일,강원도 원주시 문막읍,경상사고,0,0,3,0,차대사람 - 기타,안전운전불이행,포장 - 건조,맑음,단일로 - 기타,이륜,남,84세,상해없음,보행자,여,62세,경상
997,2021121000100397,2021년 12월 10일 17시,금요일,강원도 춘천시 온의동,중상사고,0,1,0,1,차대사람 - 차도통행중,안전운전불이행,포장 - 건조,맑음,기타 - 기타,승용,여,63세,상해없음,보행자,여,35세,중상
998,2021121100100136,2021년 12월 11일 10시,토요일,강원도 원주시 가현동,중상사고,0,1,0,0,차대사람 - 길가장자리구역통행중,안전운전불이행,포장 - 건조,맑음,단일로 - 기타,승용,남,48세,상해없음,보행자,남,65세,중상
999,2021121100100233,2021년 12월 11일 13시,토요일,강원도 철원군 동송읍,중상사고,0,1,0,0,차대사람 - 기타,안전운전불이행,포장 - 건조,맑음,단일로 - 기타,화물,남,37세,상해없음,보행자,남,29세,중상
1000,2021121100100448,2021년 12월 11일 19시,토요일,강원도 원주시 단계동,경상사고,0,0,1,0,차대사람 - 횡단중,보행자보호의무위반,포장 - 건조,맑음,교차로 - 교차로횡단보도내,승용,남,24세,상해없음,보행자,남,18세,경상
1001,2021121100100497,2021년 12월 11일 21시,토요일,강원도 정선군 고한읍,경상사고,0,0,1,0,차대사람 - 기타,안전운전불이행,포장 - 건조,맑음,단일로 - 기타,승용,남,58세,상해없음,보행자,남,64세,경상
1002,2021121200100183,2021년 12월 12일 14시,일요일,강원도 원주시 중앙동,경상사고,0,0,1,0,차대사람 - 보도통행중,안전운전불이행,포장 - 건조,맑음,단일로 - 기타,승용,여,63세,상해없음,보행자,여,82세,경상
1003,2021121200100184,2021년 12월 12일 14시,일요일,강원도 원주시 봉산동,경상사고,0,0,1,0,차대사람 - 기타,보행자보호의무위반,포장 - 건조,맑음,교차로 - 교차로안,승용,여,25세,상해없음,보행자,남,58세,경상
1004,2021121300100012,2021년 12월 13일 01시,월요일,강원도 홍천군 홍천읍,중상사고,0,1,0,0,차대사람 - 길가장자리구역통행중,안전운전불이행,포장 - 건조,맑음,단일로 - 기타,화물,남,21세,상해없음,보행자,남,63세,중상
1005,2021121300100052,2021년 12월 13일 06시,월요일,강원도 태백시 동점동,중상사고,0,1,0,0,차대사람 - 횡단중,안전운전불이행,포장 - 건조,맑음,교차로 - 교차로부근,화물,남,54세,상해없음,보행자,남,80세,중상
1006,2021121300100231,2021년 12월 13일 11시,월요일,강원도 원주시 단계동,경상사고,0,0,1,0,차대사람 - 기타,안전운전불이행,포장 - 건조,맑음,기타 - 기타,화물,남,43세,상해없음,보행자,남,81세,경상
1007,2021121300100287,2021년 12월 13일 13시,월요일,강원도 철원군 갈말읍,중상사고,0,1,0,0,차대사람 - 차도통행중,안전운전불이행,포장 - 건조,맑음,단일로 - 기타,승용,여,69세,상해없음,보행자,여,64세,중상
1008,2021121300100325,2021년 12월 13일 14시,월요일,강원도 속초시 조양동,중상사고,0,1,0,0,차대사람 - 횡단중,안전운전불이행,포장 - 건조,맑음,단일로 - 고가도로위,승용,여,69세,상해없음,보행자,여,67세,중상
1009,2021121300100386,2021년 12월 13일 16시,월요일,강원도 원주시 무실동,중상사고,0,1,1,0,차대사람 - 횡단중,보행자보호의무위반,포장 - 건조,맑음,교차로 - 교차로횡단보도내,승용,남,43세,상해없음,보행자,여,40세,중상
1010,2021121300100453,2021년 12월 13일 18시,월요일,강원도 삼척시 남양동,중상사고,0,1,0,0,차대사람 - 차도통행중,안전운전불이행,포장 - 건조,맑음,단일로 - 기타,승용,남,21세,상해없음,보행자,남,77세,중상
1011,2021121400100141,2021년 12월 14일 10시,화요일,강원도 춘천시 후평동,중상사고,0,1,0,0,차대사람 - 횡단중,안전운전불이행,포장 - 건조,맑음,교차로 - 교차로횡단보도내,승용,여,42세,상해없음,보행자,여,75세,중상
1012,2021121400100408,2021년 12월 14일 18시,화요일,강원도 철원군 동송읍,중상사고,0,1,0,0,차대사람 - 차도통행중,중앙선침범,포장 - 건조,맑음,단일로 - 기타,승용,남,33세,상해없음,보행자,남,65세,중상
1013,2021121500100444,2021년 12월 15일 18시,수요일,강원도 홍천군 홍천읍,중상사고,0,1,0,0,차대사람 - 횡단중,보행자보호의무위반,포장 - 건조,맑음,교차로 - 교차로부근,승용,남,52세,상해없음,보행자,여,51세,중상
1014,2021121600100061,2021년 12월 16일 07시,목요일,강원도 삼척시 정상동,중상사고,0,1,0,0,차대사람 - 횡단중,보행자보호의무위반,포장 - 건조,맑음,교차로 - 교차로횡단보도내,승용,남,42세,상해없음,보행자,여,64세,중상
1015,2021121600100434,2021년 12월 16일 19시,목요일,강원도 원주시 일산동,부상신고사고,0,0,0,1,차대사람 - 기타,안전운전불이행,포장 - 건조,맑음,단일로 - 기타,승용,남,54세,상해없음,보행자,남,65세,부상신고
1016,2021121700100097,2021년 12월 17일 08시,금요일,강원도 속초시 교동,경상사고,0,0,1,0,차대사람 - 횡단중,안전운전불이행,포장 - 건조,맑음,교차로 - 교차로안,승용,남,50세,상해없음,보행자,남,7세,경상
1017,2021121700100153,2021년 12월 17일 10시,금요일,강원도 태백시 황지동,부상신고사고,0,0,0,1,차대사람 - 기타,안전운전불이행,포장 - 건조,맑음,기타 - 기타,승용,남,69세,상해없음,보행자,남,56세,부상신고
1018,2021121700100370,2021년 12월 17일 16시,금요일,강원도 춘천시 운교동,중상사고,0,1,0,0,차대사람 - 횡단중,안전운전불이행,포장 - 건조,맑음,기타 - 기타,사륜오토바이(ATV),남,30세,상해없음,보행자,남,74세,중상
1019,2021121700100420,2021년 12월 17일 17시,금요일,강원도 태백시 황지동,사망사고,1,0,0,0,차대사람 - 차도통행중,안전운전불이행,포장 - 건조,맑음,교차로 - 교차로안,승용,남,64세,상해없음,보행자,여,73세,사망
1020,2021121800100016,2021년 12월 18일 00시,토요일,강원도 춘천시 효자동,중상사고,0,1,0,0,차대사람 - 횡단중,보행자보호의무위반,포장 - 젖음/습기,눈,단일로 - 기타,이륜,남,22세,상해없음,보행자,여,24세,중상
1021,2021121800100528,2021년 12월 18일 20시,토요일,강원도 강릉시 옥천동,중상사고,0,1,0,0,차대사람 - 횡단중,보행자보호의무위반,포장 - 건조,맑음,교차로 - 교차로부근,승용,남,41세,상해없음,보행자,남,74세,중상
1022,2021121900100338,2021년 12월 19일 21시,일요일,강원도 춘천시 효자동,경상사고,0,0,1,0,차대사람 - 차도통행중,안전운전불이행,포장 - 건조,맑음,교차로 - 교차로안,승용,남,54세,상해없음,보행자,여,25세,경상
1023,2021122000100397,2021년 12월 20일 17시,월요일,강원도 원주시 학성동,중상사고,0,1,0,0,차대사람 - 보도통행중,안전운전불이행,포장 - 건조,맑음,단일로 - 기타,승용,남,53세,상해없음,보행자,여,63세,중상
1024,2021122000100459,2021년 12월 20일 18시,월요일,강원도 삼척시 남양동,중상사고,0,1,0,0,차대사람 - 차도통행중,안전운전불이행,포장 - 건조,맑음,교차로 - 교차로안,승용,여,45세,상해없음,보행자,여,58세,중상
1025,2021122100100383,2021년 12월 21일 18시,화요일,강원도 원주시 단구동,경상사고,0,0,1,0,차대사람 - 횡단중,보행자보호의무위반,포장 - 건조,맑음,교차로 - 교차로횡단보도내,승용,여,53세,상해없음,보행자,여,45세,경상
1026,2021122100100385,2021년 12월 21일 18시,화요일,강원도 화천군 사내면,중상사고,0,1,0,0,차대사람 - 길가장자리구역통행중,안전운전불이행,포장 - 건조,맑음,단일로 - 기타,승용,남,46세,상해없음,보행자,여,87세,중상
1027,2021122100100447,2021년 12월 21일 19시,화요일,강원도 동해시 부곡동,경상사고,0,0,1,0,차대사람 - 차도통행중,안전운전불이행,포장 - 건조,맑음,단일로 - 기타,승용,남,78세,상해없음,보행자,남,69세,경상
1028,2021122100100509,2021년 12월 21일 21시,화요일,강원도 원주시 학성동,경상사고,0,0,1,0,차대사람 - 횡단중,안전운전불이행,포장 - 건조,기타,기타 - 기타,이륜,남,37세,상해없음,보행자,여,70세,경상
1029,2021122200100506,2021년 12월 22일 19시,수요일,강원도 원주시 단계동,중상사고,0,1,0,0,차대사람 - 횡단중,보행자보호의무위반,포장 - 건조,맑음,단일로 - 기타,화물,남,53세,상해없음,보행자,남,55세,중상
1030,2021122300100035,2021년 12월 23일 06시,목요일,강원도 동해시 발한동,중상사고,0,1,0,0,차대사람 - 횡단중,안전운전불이행,포장 - 건조,맑음,교차로 - 교차로안,승용,남,38세,상해없음,보행자,여,73세,중상
1031,2021122300100528,2021년 12월 23일 21시,목요일,강원도 원주시 단계동,경상사고,0,0,1,0,차대사람 - 횡단중,안전운전불이행,포장 - 건조,맑음,교차로 - 교차로횡단보도내,승용,남,42세,상해없음,보행자,남,20세,경상
1032,2021122300100529,2021년 12월 23일 21시,목요일,강원도 동해시 구미동,중상사고,0,1,1,0,차대사람 - 기타,안전운전불이행,포장 - 건조,맑음,기타 - 기타,승용,여,30세,상해없음,보행자,여,60세,중상
1033,2021122400100244,2021년 12월 24일 14시,금요일,강원도 춘천시 조양동,경상사고,0,0,1,0,차대사람 - 횡단중,신호위반,포장 - 건조,맑음,단일로 - 기타,승용,여,21세,상해없음,보행자,남,77세,경상
1034,2021122400100315,2021년 12월 24일 16시,금요일,강원도 강릉시 입암동,경상사고,0,0,1,0,차대사람 - 기타,기타,포장 - 건조,맑음,단일로 - 기타,화물,남,58세,상해없음,보행자,여,18세,경상
1035,2021122400100361,2021년 12월 24일 17시,금요일,강원도 원주시 원동,중상사고,0,1,0,0,차대사람 - 차도통행중,안전운전불이행,포장 - 건조,맑음,단일로 - 기타,승용,여,58세,기타불명,보행자,남,미분류,중상
1036,2021122400100614,2021년 12월 24일 22시,금요일,강원도 태백시 문곡동,중상사고,0,1,0,0,차대사람 - 차도통행중,안전운전불이행,포장 - 건조,맑음,단일로 - 기타,승용,남,61세,상해없음,보행자,남,57세,중상
1037,2021122500100232,2021년 12월 25일 16시,토요일,강원도 춘천시 효자동,경상사고,0,0,1,0,차대사람 - 기타,보행자보호의무위반,포장 - 건조,맑음,단일로 - 기타,승용,남,36세,상해없음,보행자,남,56세,경상
1038,2021122600100247,2021년 12월 26일 18시,일요일,강원도 춘천시 퇴계동,경상사고,0,0,1,0,차대사람 - 횡단중,신호위반,포장 - 건조,맑음,교차로 - 교차로횡단보도내,승용,여,47세,상해없음,보행자,남,16세,경상
1039,2021122600100276,2021년 12월 26일 19시,일요일,강원도 춘천시 효자동,부상신고사고,0,0,0,1,차대사람 - 차도통행중,안전운전불이행,포장 - 건조,맑음,단일로 - 기타,원동기,여,31세,상해없음,보행자,남,60세,부상신고
1040,2021122700100192,2021년 12월 27일 12시,월요일,강원도 동해시 묵호진동,경상사고,0,0,1,0,차대사람 - 횡단중,보행자보호의무위반,포장 - 건조,맑음,교차로 - 교차로횡단보도내,승합,남,62세,상해없음,보행자,여,81세,경상
1041,2021122800100101,2021년 12월 28일 08시,화요일,강원도 정선군 정선읍,사망사고,1,0,0,0,차대사람 - 차도통행중,안전운전불이행,포장 - 건조,맑음,기타 - 기타,승용,여,56세,상해없음,보행자,여,88세,사망
1042,2021122800100229,2021년 12월 28일 13시,화요일,강원도 평창군 평창읍,중상사고,0,1,0,0,차대사람 - 차도통행중,안전운전불이행,포장 - 건조,맑음,교차로 - 교차로안,승합,남,76세,상해없음,보행자,남,80세,중상
1043,2021122900100120,2021년 12월 29일 10시,수요일,강원도 원주시 단계동,경상사고,0,0,1,0,차대사람 - 횡단중,신호위반,포장 - 건조,맑음,교차로 - 교차로횡단보도내,승용,남,58세,상해없음,보행자,여,42세,경상
1044,2021123000100246,2021년 12월 30일 14시,목요일,강원도 원주시 봉산동,사망사고,1,0,0,0,차대사람 - 횡단중,안전운전불이행,포장 - 건조,맑음,교차로 - 교차로안,화물,남,64세,상해없음,보행자,여,80세,사망
1045,2021123100100330,2021년 12월 31일 16시,금요일,강원도 원주시 무실동,중상사고,0,1,0,0,차대사람 - 횡단중,안전운전불이행,포장 - 건조,맑음,교차로 - 교차로안,승용,남,25세,상해없음,보행자,여,73세,중상
1046,2021123100100444,2021년 12월 31일 18시,금요일,강원도 춘천시 동내면,사망사고,1,0,0,0,차대사람 - 횡단중,보행자보호의무위반,포장 - 건조,맑음,단일로 - 기타,승용,남,30세,상해없음,보행자,남,84세,사망
1047,2021123100100507,2021년 12월 31일 19시,금요일,강원도 강릉시 주문진읍,중상사고,0,1,0,0,차대사람 - 차도통행중,안전운전불이행,포장 - 건조,맑음,교차로 - 교차로안,승용,여,22세,상해없음,보행자,남,69세,중상